,strikes,date,village,region,year,leaders-killed,leader-names,leader-description,militants-killed-low,militants-killed-high,militants-killed-avg,unknown-killed-low,unknown-killed-high,unknown-killed-avg,civilians-killed-low,civilians-killed-high,civilians-killed-avg,total-killed-low,total-killed-high,total-killed-avg,president (US),target-type,target-organization,target-group,target-latitude,target-longitude,province
0,1,2004-06-19,wana,south waziristan,2004,1,nek muhammad,"commander, taliban",1,1,1,5,5,5,1,1,1,7,7,7,bush,house,taliban,1. taliban,32.307446,69.56543,federally administered tribal areas
1,1,2005-05-08,"toorikhel, mirali",north waziristan,2005,1,haitham al-yemeni,"explosives expert, al qaeda",2,2,2,0,0,0,0,0,0,2,2,2,bush,unclear,al-qaeda,3. al-qaeda,32.987644,70.261345,federally administered tribal areas
2,1,2005-11-05,haisori,north waziristan,2005,0,none,none,0,0,0,4,4,4,4,4,4,8,8,8,bush,house,al-qaeda,3. al-qaeda,33.010391,70.043335,federally administered tribal areas
3,1,2005-12-01,patasi adda,north waziristan,2005,1,abu hamza rabia,"senior commander, al qaeda",3,3,3,2,2,2,0,0,0,5,5,5,bush,unclear,al-qaeda,3. al-qaeda,32.09686,70.2657,federally administered tribal areas
4,1,2006-01-06,damadola,bajaur,2006,0,none,none,0,0,0,0,0,0,8,18,13,8,18,13,bush,gathering,al-qaeda,3. al-qaeda,34.801682,71.472588,federally administered tribal areas
5,1,2006-10-30,"chenagai, six miles north of khar",bajaur,2006,0,none,none,1,1,1,0,0,0,79,81,80,80,82,81,bush,house,al-qaeda,3. al-qaeda,34.841988,71.49765,federally administered tribal areas
6,1,2007-01-16,"salamat keley, zamazola",south waziristan,2007,0,none,none,12,22,17,8,8,8,0,0,0,20,30,25,bush,training camp,al-qaeda,3. al-qaeda,32.844982,69.56543,federally administered tribal areas
7,1,2007-04-27,"danda saidgai, 15 km north of miram shah",north waziristan,2007,0,none,none,0,0,0,3,4,3,0,0,0,3,4,3,bush,house,taliban,1. taliban,33.109947,70.068054,federally administered tribal areas
8,1,2007-06-19,"mami rogha, 26 miles west of miram shah",north waziristan,2007,0,none,none,20,34,27,0,0,0,0,0,0,20,34,27,bush,training camp,al-qaeda,3. al-qaeda,32.991386,70.291901,federally administered tribal areas
9,1,2007-11-02,outside miram shah,north waziristan,2007,0,none,none,5,9,7,0,0,0,0,0,0,5,9,7,bush,compound,taliban,1. taliban,32.992538,70.098953,federally administered tribal areas
10,1,2008-01-29,near mir ali,north waziristan,2008,1,abu laith al-libi,"senior commander, al qaeda",12,13,12,0,0,0,0,0,0,12,13,12,bush,unclear,al-qaeda,3. al-qaeda,32.99398,70.237999,federally administered tribal areas
11,1,2008-02-28,azam warzak,south waziristan,2008,0,none,none,8,13,10,0,0,0,0,0,0,8,13,10,bush,training camp,al-qaeda,3. al-qaeda,32.308025,69.409561,federally administered tribal areas
12,1,2008-03-16,"dhook pir bagh, near wana",south waziristan,2008,0,none,none,7,20,13,0,0,0,0,0,0,7,20,13,bush,house,al-qaeda,3. al-qaeda,32.316151,69.462433,federally administered tribal areas
13,1,2008-05-14,damadola,bajaur,2008,1,abu sulayman jazairi,"weapons expert, al qaeda",1,1,1,12,15,13,0,0,0,13,16,14,bush,compound,al-qaeda,3. al-qaeda,34.809856,71.531296,federally administered tribal areas
14,1,2008-06-14,makeen,south waziristan,2008,0,none,none,1,1,1,0,0,0,0,0,0,1,1,1,bush,house,taliban,2. taliban factions,32.622604,69.829102,federally administered tribal areas
15,1,2008-07-28,zeralita in the azam warsak region,south waziristan,2008,1,"abu khabab al masri, aka midhat mursi al-sayid umar","chemist and bombmaker, al qaeda",4,6,5,0,0,0,0,0,0,4,6,5,bush,madrassa,al-qaeda,3. al-qaeda,32.288296,69.439774,federally administered tribal areas
16,1,2008-08-12,"bhagar, 22 miles west of wana",south waziristan,2008,1,abdul rehman,"commander, taliban",9,12,10,0,0,0,0,0,0,9,12,10,bush,compound,taliban,1. taliban,32.311508,69.320984,federally administered tribal areas
17,1,2008-08-20,wana,south waziristan,2008,0,none,none,5,10,7,0,0,0,0,0,0,5,10,7,bush,house,al-qaeda,3. al-qaeda,32.301064,69.598389,federally administered tribal areas
18,1,2008-08-27,ganghikhel area,south waziristan,2008,0,none,none,0,0,0,0,0,0,0,0,0,0,0,0,bush,house,unclear,7. unclear,32.3028,69.5805,federally administered tribal areas
19,1,2008-08-30,korzai region near wana,south waziristan,2008,0,none,none,5,6,5,0,0,0,0,0,0,5,6,5,bush,house,taliban,1. taliban,32.326595,69.521484,federally administered tribal areas
20,1,2008-08-31,"tappi, miram shah",north waziristan,2008,0,none,none,4,6,5,0,0,0,2,2,2,6,8,7,bush,unclear,unclear,7. unclear,33.01442,70.061188,federally administered tribal areas
21,1,2008-09-04,char khel,north waziristan,2008,1,abu wafa al saudi,"logistics expert, al qaeda",0,0,0,4,7,5,0,0,0,4,7,5,bush,house,haqqani network,4. haqqani network,33.016724,69.848328,federally administered tribal areas
22,1,2008-09-05,gurwak,north waziristan,2008,0,none,none,0,5,2,0,0,0,5,7,6,5,12,8,bush,unclear,unclear,7. unclear,33.046658,69.539337,federally administered tribal areas
23,1,2008-09-08,"danda darpa khel, outside miram shah",north waziristan,2008,1,abu haris,al qaeda chief in pakistan,4,4,4,16,18,17,0,3,1,20,25,22,bush,compound,al-qaeda,3. al-qaeda,33.01442,70.085907,federally administered tribal areas
24,1,2008-09-12,tol khel on the outskirts of miram shah,north waziristan,2008,0,none,none,8,8,8,4,4,4,0,0,0,12,12,12,bush,house,unclear,7. unclear,33.004059,70.074921,federally administered tribal areas
25,1,2008-09-17,"baghar cheena region, 55km west of wana",south waziristan,2008,1,"abu ubaydah al tunisi, probably",mid-level al qaeda leader.,5,7,6,0,0,0,0,0,0,5,7,6,bush,training camp,taliban,1. taliban,32.500496,69.283905,federally administered tribal areas
26,1,2008-10-01,"khusali toorikhel, near mir ali",north waziristan,2008,0,none,none,4,5,4,0,0,0,0,0,0,4,5,4,bush,unclear,unclear,7. unclear,32.97699,70.303574,federally administered tribal areas
27,1,2008-10-03,"mohammad khel, near datta khel",north waziristan,2008,0,none,none,8,21,14,0,0,0,0,0,0,8,21,14,bush,unclear,unclear,7. unclear,32.998299,69.723358,federally administered tribal areas
28,1,2008-10-03,datta khel,north waziristan,2008,0,none,none,0,0,0,0,0,0,3,3,3,3,3,3,bush,house,haqqani network,4. haqqani network,33.001755,69.704132,federally administered tribal areas
29,1,2008-10-09,"tati, near miram shah",north waziristan,2008,0,none,none,3,4,3,0,0,0,3,5,4,6,9,7,bush,house,taliban,1. taliban,32.994843,70.167618,federally administered tribal areas
30,1,2008-10-11,just outside miram shah,north waziristan,2008,0,none,none,4,5,4,0,0,0,0,0,0,4,5,4,bush,gathering,al-qaeda,3. al-qaeda,32.99369,70.092087,federally administered tribal areas
31,1,2008-10-16,"taparghai, near saam in the ladha region",south waziristan,2008,1,khalid habib,"commander, al qaeda",1,1,1,3,3,3,0,0,0,4,4,4,bush,unclear,al-qaeda,3. al-qaeda,32.540447,69.854507,federally administered tribal areas
32,1,2008-10-23,"danda darpa khel, outside miram shah",north waziristan,2008,0,none,none,0,3,1,4,7,5,0,0,0,4,10,7,bush,unclear,unclear,7. unclear,33.023632,70.074577,federally administered tribal areas
33,1,2008-10-26,shakai region north of wana,south waziristan,2008,1,mohammad omar,"commander, taliban",20,20,20,0,0,0,0,0,0,20,20,20,bush,compound,taliban,1. taliban,32.552601,69.609375,federally administered tribal areas
34,1,2008-10-31,mir ali,north waziristan,2008,1,"abu jihad al masri, aka mohammad hasan khalil al-hakim","propaganda chief, al qaeda",8,15,11,0,0,0,0,0,0,8,15,11,bush,vehicle,al-qaeda,3. al-qaeda,32.9767,70.269241,federally administered tribal areas
35,1,2008-10-31,wana,south waziristan,2008,0,none,none,7,12,9,0,0,0,0,0,0,7,12,9,bush,house,taliban,1. taliban,32.29874,69.54071,federally administered tribal areas
36,1,2008-11-07,"kumsham, 22 miles south of miram shah",north waziristan,2008,0,none,none,13,14,13,0,0,0,0,0,0,13,14,13,bush,unclear,unclear,7. unclear,32.751476,70.072174,federally administered tribal areas
37,1,2008-11-14,garyom,north waziristan,2008,0,none,none,0,0,0,0,0,0,11,13,12,11,13,12,bush,house,unclear,7. unclear,32.707577,69.873047,federally administered tribal areas
38,1,2008-11-19,jani khel,khyber pakhtunkhwa,2008,1,abdullah azzam al saudi,"operations leader, al qaeda. coordinator between aq and the taliban.",5,5,5,0,0,0,0,0,0,5,5,5,bush,house,taliban,1. taliban,32.799973,70.489655,khyber pakhtunkhwa
39,1,2008-11-22,ali khel region just outside of miram shah,north waziristan,2008,2,rashid rauf and abu zubair al masri,rauf was a british al qaeda operative and suspect in the 2006 transatlantic aircraft plot. abu zubair al-masri was an al qaeda explosives expert.,5,5,5,0,0,0,0,0,0,5,5,5,bush,unclear,unclear,7. unclear,32.981308,70.067368,federally administered tribal areas
40,1,2008-11-29,"chashma, a village on the outskirts of miram shah",north waziristan,2008,0,none,none,2,3,2,0,0,0,0,0,0,2,3,2,bush,house,unclear,7. unclear,32.98822,70.046425,federally administered tribal areas
41,1,2008-12-05,"katira in khushal torikhel area, mir ali",north waziristan,2008,0,none,none,3,4,3,0,0,0,0,0,0,3,4,3,bush,house,unclear,7. unclear,32.9315,70.3052,federally administered tribal areas
42,1,2008-12-11,azam warzak,south waziristan,2008,0,none,none,6,7,6,0,0,0,0,0,0,6,7,6,bush,unclear,unclear,7. unclear,32.31673,69.384155,federally administered tribal areas
43,1,2008-12-15,tapi tool region near miram shah,north waziristan,2008,0,none,none,2,3,2,0,0,0,0,0,0,2,3,2,bush,unclear,unclear,7. unclear,32.983322,70.08728,federally administered tribal areas
44,1,2008-12-22,azam warzak near wana,south waziristan,2008,0,none,none,2,3,2,0,0,0,0,0,0,2,3,2,bush,unclear,unclear,7. unclear,32.30526109,69.45419308,federally administered tribal areas
45,1,2008-12-22,"ghwakhwa, wana",south waziristan,2008,0,none,none,3,5,4,0,0,0,0,0,0,3,5,4,bush,unclear,unclear,7. unclear,32.296421,69.498825,federally administered tribal areas
46,1,2009-01-01,"karikot, near wana",south waziristan,2009,2,usama al-kin and sheikh ahmed salim swedan,osama al kini was al-qaeda's chief of operations in pakistan. sheikh ahmed salim swedan was a senior aid to al kini believed to have participated in the 1998 embassy bombings.,2,3,2,0,0,0,0,0,0,2,3,2,bush,compound,al-qaeda,3. al-qaeda,32.319633,69.501572,federally administered tribal areas
47,1,2009-01-02,ladha,south waziristan,2009,0,none,none,3,4,3,0,0,0,0,0,0,3,4,3,bush,compound,taliban,2. taliban factions,32.539288,69.875793,federally administered tribal areas
48,1,2009-01-23,"zharki (zera), near mir ali",north waziristan,2009,0,none,none,4,4,4,0,0,0,5,6,5,9,10,9,obama,compound,taliban,1. taliban,32.9538,70.262459,federally administered tribal areas
49,1,2009-01-23,"dilfaraz or ghangi khel, near wana",south waziristan,2009,0,none,none,0,0,0,10,10,10,0,0,0,10,10,10,obama,unclear,unclear,7. unclear,32.270878,69.589462,federally administered tribal areas
50,1,2009-02-14,"near narsikhel, ladha",south waziristan,2009,0,none,none,16,30,23,0,0,0,0,0,0,16,30,23,obama,compound,al-qaeda,3. al-qaeda,32.520184,69.868927,federally administered tribal areas
51,1,2009-02-16,"sur pul, near parachinar",kurram agency,2009,0,none,none,7,23,15,8,8,8,0,0,0,15,31,23,obama,compound,taliban,1. taliban,33.683212,70.290527,federally administered tribal areas
52,1,2009-03-01,"sararogha, near wana",south waziristan,2009,0,none,none,7,12,9,0,0,0,0,0,0,7,12,9,obama,compound,taliban,1. taliban,32.49065,70.004883,federally administered tribal areas
53,1,2009-03-12,barjo,kurram agency,2009,0,none,none,11,24,17,0,0,0,0,0,0,11,24,17,obama,house,taliban,1. taliban,33.808819,70.279541,federally administered tribal areas
54,1,2009-03-15,"jani khel, bannu",khyber pakhtunkhwa,2009,0,none,none,2,5,3,0,0,0,0,0,0,2,5,3,obama,house,unclear,7. unclear,32.797665,70.496521,khyber pakhtunkhwa
55,1,2009-03-25,makeen,south waziristan,2009,0,none,none,7,7,7,0,0,0,0,0,0,7,7,7,obama,vehicle,taliban,2. taliban factions,32.616241,69.848328,federally administered tribal areas
56,1,2009-03-26,"sokhel, mir ali",north waziristan,2009,0,none,none,4,5,4,0,0,0,0,0,0,4,5,4,obama,house,al-qaeda,3. al-qaeda,32.966618,70.32074,federally administered tribal areas
57,1,2009-04-01,khadezai,orakzai,2009,0,none,none,7,9,8,3,3,3,2,2,2,12,14,13,obama,compound,taliban,1. taliban,33.672928,70.911255,federally administered tribal areas
58,1,2009-04-04,"datta khel, near miram shah",north waziristan,2009,0,none,none,6,8,7,0,0,0,5,7,6,11,15,13,obama,house,taliban,1. taliban,32.984474,69.715805,federally administered tribal areas
59,1,2009-04-08,wana,south waziristan,2009,0,none,none,3,4,3,0,0,0,0,0,0,3,4,3,obama,vehicle,taliban,1. taliban,32.321957,69.586716,federally administered tribal areas
60,1,2009-04-19,"gangi khel, outskirts of wana",south waziristan,2009,0,none,none,0,8,4,0,0,0,0,0,0,0,8,4,obama,training camp,taliban,1. taliban,32.281906,69.553757,federally administered tribal areas
61,1,2009-04-29,"kaniguram, near wana",south waziristan,2009,1,abu sulayman al-jazairi,abu sulayman al-jazairi was an algerian al qaeda trainer suspected of helping to plan attacks in europe and the united states.,0,0,0,6,6,6,0,0,0,6,6,6,obama,house,al-qaeda,3. al-qaeda,32.520184,69.783783,federally administered tribal areas
62,1,2009-05-09,"tabbi langar khel, near sarorogha",south waziristan,2009,0,none,none,0,5,2,8,15,11,0,0,0,8,20,14,obama,compound,taliban,2. taliban factions,32.479645,70.018616,federally administered tribal areas
63,1,2009-05-12,"sara khwara, 25 km west of wana",south waziristan,2009,0,none,none,4,6,5,4,4,4,0,0,0,8,10,9,obama,unclear,taliban,2. taliban factions,32.298161,69.349136,federally administered tribal areas
64,1,2009-05-16,"khesoor, 18 miles east of miram shah",north waziristan,2009,0,none,none,10,40,25,0,0,0,0,0,0,10,40,25,obama,madrassa,unclear,7. unclear,33.005211,70.272675,federally administered tribal areas
65,1,2009-06-14,"mardar algad, ladha",south waziristan,2009,0,none,none,3,5,4,0,0,0,0,0,0,3,5,4,obama,vehicle,taliban,2. taliban factions,32.524815,69.883347,federally administered tribal areas
66,1,2009-06-18,"shah alam, birmal, near wana",south waziristan,2009,0,none,none,1,11,6,0,0,0,0,0,0,1,11,6,obama,house,taliban,1. taliban,32.288876,69.608688,federally administered tribal areas
67,1,2009-06-18,"raghzai area, near wana",south waziristan,2009,0,none,none,1,9,5,0,0,0,0,0,0,1,9,5,obama,compound,taliban,1. taliban,32.334141,69.568176,federally administered tribal areas
68,1,2009-06-23,"neej narai, outside makeen",south waziristan,2009,1,niaz wali mehsud,niaz wali mehsud was a local ttp commander.,2,6,4,0,0,0,0,0,0,2,6,4,obama,compound,taliban,2. taliban factions,32.609882,69.833221,federally administered tribal areas
69,1,2009-06-23,makeen,south waziristan,2009,0,none,none,2,2,2,3,37,20,35,41,38,40,80,60,obama,funeral,taliban,2. taliban factions,32.622604,69.852448,federally administered tribal areas
70,1,2009-07-03,mantoi area,south waziristan,2009,0,none,none,0,10,5,0,0,0,0,0,0,0,10,5,obama,compound,taliban,2. taliban factions,32.592525,69.599075,federally administered tribal areas
71,1,2009-07-03,"zamarai nairai, near kokat khel, 28 miles east of wana",south waziristan,2009,0,none,none,6,35,20,0,0,0,0,0,0,6,35,20,obama,training camp,taliban,1. taliban,32.285973,69.988403,federally administered tribal areas
72,1,2009-07-07,"jangara, makeen",south waziristan,2009,0,none,none,12,16,14,0,0,0,0,0,0,12,16,14,obama,training camp,taliban,2. taliban factions,32.623184,69.841461,federally administered tribal areas
73,1,2009-07-08,"laddha, karwan manza",south waziristan,2009,0,none,none,6,10,8,0,0,0,0,0,0,6,10,8,obama,training camp,taliban,2. taliban factions,32.52771,69.855881,federally administered tribal areas
74,1,2009-07-08,karwan manza,south waziristan,2009,0,none,none,17,40,28,0,0,0,0,0,0,17,40,28,obama,vehicle,taliban,2. taliban factions,32.52771,69.863434,federally administered tribal areas
75,1,2009-07-10,painda khel,south waziristan,2009,0,none,none,3,5,4,0,0,0,0,0,0,3,5,4,obama,compound,taliban,2. taliban factions,32.320793,69.623795,federally administered tribal areas
76,1,2009-07-17,"gariwan, 19 miles south of miram shah",north waziristan,2009,0,none,none,4,5,4,0,0,0,0,0,0,4,5,4,obama,training camp,taliban,2. taliban factions,32.704109,70.063934,federally administered tribal areas
77,1,2009-08-05,zangra village of ladha,south waziristan,2009,1,baitullah mehsud,"baitullah mehsud was the leader of the tehrik-i-taliban pakistan. he was linked to several high-profile acts of terrorism, most notably the assassination of prime minister benazir bhutto.",1,9,5,0,1,0,1,2,1,2,12,7,obama,house,taliban,2. taliban factions,32.582691,69.849014,federally administered tribal areas
78,1,2009-08-11,"kani guram, four miles from ladha",south waziristan,2009,0,none,none,8,8,8,2,6,4,0,0,0,10,14,12,obama,training camp,taliban,1. taliban,32.524239,69.794769,federally administered tribal areas
79,1,2009-08-21,"darpa khel, outside miram shah",north waziristan,2009,0,none,none,3,3,3,1,9,5,8,9,8,12,21,16,obama,unclear,haqqani network,4. haqqani network,33.003483,70.031662,federally administered tribal areas
80,1,2009-08-27,tapar ghai areain the kanigram district,south waziristan,2009,1,"taher yuldashev, aka tohir yuldash",head of the islamic movement of uzbekistan. ally of baitullah mehsud.,4,8,6,0,0,0,0,0,0,4,8,6,obama,compound,al-qaeda,3. al-qaeda,32.509182,69.798889,federally administered tribal areas
81,1,2009-09-07,"machi khel, near mir ali",north waziristan,2009,0,none,none,1,4,2,3,3,3,0,0,0,4,7,5,obama,madrassa,al-qaeda,3. al-qaeda,32.995419,70.31662,federally administered tribal areas
82,1,2009-09-08,"dargamandi village, 3 miles northwest of miram shah",north waziristan,2009,0,none,none,4,5,4,5,5,5,0,0,0,9,10,9,obama,house,unclear,7. unclear,33.046082,70.019989,federally administered tribal areas
83,1,2009-09-14,"toori khel, near mir ali",north waziristan,2009,1,najmiddin kamolitdinovic jalolov,nazimuddin zalalov also known as yahyo was a senior uzbeck militant linked with al qaeda.,4,6,5,0,0,0,0,0,0,4,6,5,obama,vehicle,taliban,1. taliban,32.959129,70.287094,federally administered tribal areas
84,1,2009-09-24,near mir ali,north waziristan,2009,0,none,none,3,12,7,0,0,0,0,0,0,3,12,7,obama,house,haqqani network,4. haqqani network,32.97123,70.245895,federally administered tribal areas
85,1,2009-09-29,sararogha,south waziristan,2009,0,none,none,5,6,5,0,0,0,0,0,0,5,6,5,obama,compound,taliban,1. taliban,32.493546,70.023422,federally administered tribal areas
86,1,2009-09-29,danda darpakhel,north waziristan,2009,0,none,none,1,3,2,4,4,4,0,0,0,5,7,6,obama,house,taliban,1. taliban,32.997723,70.041962,federally administered tribal areas
87,1,2009-09-30,"norak, 12 miles east of miram shah",north waziristan,2009,0,none,none,5,9,7,0,0,0,0,0,0,5,9,7,obama,compound,taliban,1. taliban,32.989082,70.328293,federally administered tribal areas
88,1,2009-10-15,dandey darpa khel,north waziristan,2009,0,none,none,4,4,4,0,0,0,0,0,0,4,4,4,obama,compound,haqqani network,4. haqqani network,32.989658,70.030975,federally administered tribal areas
89,1,2009-10-21,spalaga,north waziristan,2009,1,abu musa al masri,abu musa al masri was an al qaeda explosive expert and trainer,4,4,4,0,0,0,0,0,0,4,4,4,obama,unclear,al-qaeda,3. al-qaeda,32.8935,69.6955,federally administered tribal areas
90,1,2009-10-24,damadola bajaur,khyber pakhtunkhwa,2009,0,none,none,15,24,19,0,0,0,0,0,0,15,24,19,obama,gathering,taliban,1. taliban,34.818878,71.500397,khyber pakhtunkhwa
91,1,2009-11-05,"norak, near mir ali",north waziristan,2009,0,none,none,4,4,4,0,0,0,0,0,0,4,4,4,obama,house,taliban,1. taliban,33.0116,70.0557,federally administered tribal areas
92,1,2009-11-18,"shanakhora, 12 miles west of miram shah",north waziristan,2009,0,none,none,4,4,4,0,0,0,0,0,0,4,4,4,obama,compound,taliban,1. taliban,33.010967,69.831848,federally administered tribal areas
93,1,2009-11-20,palooseen village in mir ali,north waziristan,2009,0,none,none,8,8,8,0,0,0,0,0,0,8,8,8,obama,compound,taliban,1. taliban,33.002331,70.290527,federally administered tribal areas
94,1,2009-12-08,"aspalga village, 7 miles southeast of miram shah",north waziristan,2009,1,saleh al-somali,reportedly saleh al-somali was an al qaeda chief of operations and part of al qaeda's core leadership cadre.,3,3,3,0,0,0,0,0,0,3,3,3,obama,vehicle,al-qaeda,3. al-qaeda,32.869205,70.133972,federally administered tribal areas
95,1,2009-12-17,deegan village,north waziristan,2009,0,none,none,4,14,9,0,0,0,0,0,0,4,14,9,obama,vehicle,taliban,1. taliban,32.821903,69.979477,federally administered tribal areas
96,1,2009-12-17,"godaivalla, in datta khel",north waziristan,2009,1,zuhaib al-zahibi,zuhaib al-zahibi was an al qaeda commander in north waziristan.,2,2,2,13,16,14,0,0,0,15,18,16,obama,house,al-qaeda,3. al-qaeda,32.989082,69.693146,federally administered tribal areas
97,1,2009-12-18,"babrak ziarat, near wazgai village of datta khel tehsil",north waziristan,2009,0,none,none,3,8,5,0,0,0,0,0,0,3,8,5,obama,funeral,taliban,1. taliban,32.98505,69.739151,federally administered tribal areas
98,1,2009-12-26,"babar raghzai area of the saidgi village, 4 miles north of miram shah",north waziristan,2009,0,none,none,0,0,0,3,14,8,0,0,0,3,14,8,obama,house,taliban,1. taliban,33.07716,70.069427,federally administered tribal areas
99,1,2009-12-31,"machi khel, 20 km west of miram shah",north waziristan,2009,1,haji omar khan,taliban commander in mir ali,1,1,1,2,4,3,0,0,0,3,5,4,obama,compound,al-qaeda,3. al-qaeda,33.009815,69.808502,federally administered tribal areas
100,1,2010-01-01,"ghundikala village, 15 km east of miram shah, in mir ali tehsil",north waziristan,2010,0,none,none,2,3,2,0,0,0,0,0,0,2,3,2,obama,vehicle,unclear,7. unclear,32.994267,70.207443,federally administered tribal areas
101,1,2010-01-03,"mosakki village, 25 km east of miram shah, in mir ali tehsil",north waziristan,2010,0,none,none,2,2,2,0,0,0,0,0,0,2,2,2,obama,house,unclear,7. unclear,32.997723,70.342026,federally administered tribal areas
102,1,2010-01-06,sanzali area of datta khel,north waziristan,2010,0,none,none,5,25,15,0,0,0,0,0,0,5,25,15,obama,gathering,taliban,1. taliban,32.983898,69.75769,federally administered tribal areas
103,1,2010-01-08,"tapi village, near miram shah",north waziristan,2010,0,none,none,3,8,5,0,0,0,0,0,0,3,8,5,obama,unclear,taliban,1. taliban,33.003483,70.015182,federally administered tribal areas
104,1,2010-01-09,ismael khel in datta khel region,north waziristan,2010,1,jamal saeed abdul rahim,jamal saeed abdul rahim was on the fbi's most wanted list for his role in the 1986 hijacking of panam flight 73.,4,4,4,0,0,0,0,0,0,4,4,4,obama,compound,unclear,7. unclear,32.991962,69.730911,federally administered tribal areas
105,1,2010-01-14,shaktoi village in the pasalkot region,north waziristan,2010,0,none,none,11,18,14,0,0,0,0,0,0,11,18,14,obama,compound,taliban,1. taliban,32.669147,70.156975,federally administered tribal areas
106,1,2010-01-15,"zanini village, near mir ali",north waziristan,2010,0,none,none,3,5,4,0,0,0,0,0,0,3,5,4,obama,training camp,taliban,1. taliban,32.940117,70.296021,federally administered tribal areas
107,1,2010-01-15,"bichi village, mirkhwanai area, near shaktoi",north waziristan,2010,0,none,none,3,6,4,0,0,0,0,0,0,3,6,4,obama,compound,taliban,1. taliban,32.667992,70.144958,federally administered tribal areas
108,1,2010-01-17,"nizba village, shaktoi region",south waziristan,2010,4,"shahid ullah, hafiz nizamuddin storikhel, khawarey and mohtaj.",all four are described as taliban commanders.,12,20,16,0,0,0,0,0,0,12,20,16,obama,compound,islamic movement of uzbekistan,5. islamic movement of uzbekistan,32.659031,70.150452,federally administered tribal areas
109,1,2010-01-19,"deegan, 18 miles west of miram shah",north waziristan,2010,0,none,none,3,6,4,0,0,0,0,0,0,3,6,4,obama,compound,haqqani network,4. haqqani network,32.972958,69.700012,federally administered tribal areas
110,1,2010-01-29,"muhammad khel, datta khel",north waziristan,2010,0,none,none,5,15,10,0,0,0,0,0,0,5,15,10,obama,compound,haqqani network,4. haqqani network,33.001755,69.713058,federally administered tribal areas
111,1,2010-02-02,"toor narai village, datta khel, 30km west of miram shah",north waziristan,2010,0,none,none,2,7,4,0,0,0,0,0,0,2,7,4,obama,training camp,taliban,1. taliban,32.9989,69.9534,federally administered tribal areas
112,1,2010-02-02,pai khel,north waziristan,2010,0,none,none,2,7,4,0,0,0,0,0,0,2,7,4,obama,training camp,taliban,1. taliban,33.0023,69.8696,federally administered tribal areas
113,1,2010-02-02,muhammad khel,north waziristan,2010,0,none,none,2,7,4,0,0,0,0,0,0,2,7,4,obama,training camp,taliban,1. taliban,32.5725,69.5306,federally administered tribal areas
114,1,2010-02-02,"deegan, 18 miles west of miram shah",north waziristan,2010,0,none,none,4,8,6,0,0,0,0,0,0,4,8,6,obama,training camp,taliban,1. taliban,32.976414,69.728165,federally administered tribal areas
115,1,2010-02-14,mir ali,north waziristan,2010,0,none,none,8,9,8,0,0,0,0,0,0,8,9,8,obama,compound,unclear,7. unclear,32.963161,70.241776,federally administered tribal areas
116,1,2010-02-15,"tapi village, 9 miles east of miram shah",north waziristan,2010,0,none,none,3,4,3,0,0,0,0,0,0,3,4,3,obama,vehicle,al-qaeda,3. al-qaeda,32.987354,70.280914,federally administered tribal areas
117,1,2010-02-17,"tabi tolkhel, 3 miles from khost border or tapi, 9 miles east of miram shah",north waziristan,2010,1,shaikh mansoor,al qaeda militant assigned for anti nato attacks in afghanistan,2,4,3,0,0,0,0,0,0,2,4,3,obama,compound,taliban,1. taliban,32.997723,70.18959,federally administered tribal areas
118,1,2010-02-18,"dandey darpa khel, near miram shah",north waziristan,2010,1,mohammad haqqani,"mohammed haqqani was a mid-level haqqani network commander and son of jalaluddin haqqani, the head of the group. his brother sirajuddin was the intended target of the attack.",3,4,3,0,0,0,0,0,0,3,4,3,obama,compound,haqqani network,4. haqqani network,33.015572,70.052605,federally administered tribal areas
119,1,2010-02-24,"dargi mandi, 2.5 miles north of miram shah",north waziristan,2010,1,qari mohammad zafar,"commander, pakistani taliban and leader of the fedayeen-i-islam.",4,14,9,0,0,0,0,0,0,4,14,9,obama,house and vehicle,haqqani network,4. haqqani network,33.042629,70.061188,federally administered tribal areas
120,1,2010-03-08,maley khan sirai area of miram shah,north waziristan,2010,1,hussein al-yemeni,"sadam hussein al hussami, also known as ghazwan al-yemeni/hussein al-yemeni. al-qaeda planner and facilitator in tribal areas of pakistan.",5,5,5,0,0,0,0,0,0,5,5,5,obama,compound,al-qaeda,3. al-qaeda,33.005783,70.090027,federally administered tribal areas
121,1,2010-03-10,"mizar madakhel, 25-31 miles west of miram shah",north waziristan,2010,0,none,none,12,21,16,0,0,0,0,0,0,12,21,16,obama,vehicle,unclear,7. unclear,32.997147,69.616241,federally administered tribal areas
122,1,2010-03-16,"datta khel, 12 miles west of miram shah",north waziristan,2010,0,none,none,5,8,6,3,3,3,0,0,0,8,11,9,obama,compound,taliban,1. taliban,32.991386,69.742584,federally administered tribal areas
123,1,2010-03-17,"mada khel, 25 miles west of miram shah",north waziristan,2010,0,none,none,3,6,4,0,0,0,0,0,0,3,6,4,obama,vehicle,taliban,1. taliban,32.995995,69.625854,federally administered tribal areas
124,1,2010-03-17,"hamzoni, 6 miles west of miram shah",north waziristan,2010,0,none,none,3,5,4,0,0,0,0,0,0,3,5,4,obama,vehicle,taliban,1. taliban,33.013271,69.938965,federally administered tribal areas
125,1,2010-03-21,lowari mandi area of datta khel,north waziristan,2010,0,none,none,5,8,6,0,0,0,0,0,0,5,8,6,obama,compound,haqqani network,4. haqqani network,32.995995,69.682159,federally administered tribal areas
126,1,2010-03-23,"machis, outskirts of miram shah",north waziristan,2010,0,none,none,4,6,5,0,0,0,0,0,0,4,6,5,obama,compound,unclear,7. unclear,32.985626,70.054321,federally administered tribal areas
127,1,2010-03-28,"hurmaz, near mir ali",north waziristan,2010,0,none,none,4,4,4,0,0,0,0,0,0,4,4,4,obama,house,unclear,7. unclear,32.96777,70.253448,federally administered tribal areas
128,1,2010-03-31,"tapi village, 13 miles east of miram shah",north waziristan,2010,0,none,none,4,6,5,0,0,0,0,0,0,4,6,5,obama,compound,unclear,7. unclear,32.997147,70.302887,federally administered tribal areas
129,1,2010-04-12,"boya village, 12 miles west of miram shah",north waziristan,2010,0,none,none,0,0,0,5,13,9,0,0,0,5,13,9,obama,compound,taliban,1. taliban,33.024784,69.823608,federally administered tribal areas
130,1,2010-04-14,"ambur shaga village, 15 miles west of miram shah",north waziristan,2010,0,none,none,3,5,4,0,0,0,0,0,0,3,5,4,obama,vehicle,unclear,7. unclear,33.004059,69.752197,federally administered tribal areas
131,1,2010-04-16,"toorkhel, suburbs of miram shah",north waziristan,2010,0,none,none,4,6,5,0,0,0,0,0,0,4,6,5,obama,vehicle,unclear,7. unclear,32.998299,70.119553,federally administered tribal areas
132,1,2010-04-24,"machi khel, 12 miles east of miram shah",north waziristan,2010,0,none,none,7,8,7,0,0,0,0,0,0,7,8,7,obama,compound,unclear,7. unclear,32.978718,70.327606,federally administered tribal areas
133,1,2010-04-26,"khushali toorkhel, 15 miles east of miram shah",north waziristan,2010,0,none,none,4,6,5,0,0,0,0,0,0,4,6,5,obama,house,unclear,7. unclear,32.972958,70.350952,federally administered tribal areas
134,1,2010-05-03,"marsi khel, near mir ali",north waziristan,2010,0,none,none,2,6,4,0,0,0,0,0,0,2,6,4,obama,vehicle,unclear,7. unclear,32.990234,70.315933,federally administered tribal areas
135,1,2010-05-09,"inzarkas village, datta khel",north waziristan,2010,0,none,none,6,10,8,0,0,0,0,0,0,6,10,8,obama,compound,unclear,7. unclear,32.997147,69.672546,federally administered tribal areas
136,1,2010-05-11,"gorwek, near afghan border",north waziristan,2010,0,none,none,7,10,8,0,0,0,0,0,0,7,10,8,obama,compound,unclear,7. unclear,32.994267,69.558563,federally administered tribal areas
137,1,2010-05-11,"doga area, datta khel",north waziristan,2010,0,none,none,14,14,14,0,0,0,0,0,0,14,14,14,obama,compound,unclear,7. unclear,32.995995,69.704819,federally administered tribal areas
138,1,2010-05-15,"ragha area, tirah valley",khyber pakhtunkhwa,2010,0,none,none,3,13,8,2,2,2,0,0,0,5,15,10,obama,house,unclear,7. unclear,33.881817,70.85907,khyber pakhtunkhwa
139,1,2010-05-21,asadabad village of muhammad khel area of datta khel,north waziristan,2010,1,"mustafa abu yazid, aka saeed al-masri",al qaeda's financial chief and top commander in afghanistan.,3,6,4,1,0,0,5,6,5,9,12,10,obama,compound,taliban,1. taliban,32.989082,69.716492,federally administered tribal areas
140,1,2010-05-28,"mizai nari, 38 km west of wana",south waziristan,2010,0,none,none,8,12,10,0,0,0,0,0,0,8,12,10,obama,compound,taliban,1. taliban,32.292938,69.304504,federally administered tribal areas
141,1,2010-06-10,"khaddi village, nine miles east of miram shah",north waziristan,2010,0,none,none,2,3,2,0,0,0,0,0,0,2,3,2,obama,compound,unclear,7. unclear,32.97987,70.287094,federally administered tribal areas
142,1,2010-06-11,"datta khel, 12 miles west of miram shah",north waziristan,2010,0,none,none,8,9,8,0,0,0,0,0,0,8,9,8,obama,house,taliban,1. taliban,32.997147,69.656754,federally administered tribal areas
143,1,2010-06-19,"sokhel village, 16 miles east of miram shah",north waziristan,2010,1,abu ahmed arkash/abu ahmad tarkash,an al qaeda leader.,11,16,13,0,0,0,0,0,0,11,16,13,obama,gathering,al-qaeda,3. al-qaeda,32.981022,70.293274,federally administered tribal areas
144,1,2010-06-26,"khushali khel, mir ali,",north waziristan,2010,0,none,none,2,3,2,0,0,0,0,0,0,2,3,2,obama,house,taliban,1. taliban,32.974686,70.278168,federally administered tribal areas
145,1,2010-06-27,"tabbi tolkhel, 4 km north of miram shah",north waziristan,2010,0,none,none,2,6,4,0,0,0,0,0,0,2,6,4,obama,compound,unclear,7. unclear,33.021908,70.072174,federally administered tribal areas
146,1,2010-06-29,"lamal village, near karikot, 6 miles sw of wana",south waziristan,2010,1,hamza al-jufi,"hamza al-jufi, aq commander and reportedly the leader of the militant group jundullah.",6,10,8,0,0,0,0,0,0,6,10,8,obama,house,al-qaeda,3. al-qaeda,32.234295,69.530411,federally administered tribal areas
147,1,2010-07-15,"sheerani, mada khel",north waziristan,2010,0,none,none,5,12,8,2,2,2,0,0,0,7,14,10,obama,compound,unclear,7. unclear,32.995419,69.77211,federally administered tribal areas
148,1,2010-07-24,"dwasarak village, 25 miles west of wana, near angoor adda",south waziristan,2010,0,none,none,16,18,17,0,0,0,0,0,0,16,18,17,obama,compound,unclear,7. unclear,32.45068,69.277039,federally administered tribal areas
149,1,2010-07-25,landikhel area of sararogha,south waziristan,2010,0,none,none,4,4,4,0,0,0,0,0,0,4,4,4,obama,unclear,taliban,1. taliban,32.49297,70.037155,federally administered tribal areas
150,1,2010-07-25,"tabbi tolkhel, 4 km north of miram shah",north waziristan,2010,0,none,none,4,7,5,0,0,0,0,0,0,4,7,5,obama,compound,unclear,7. unclear,33.027664,70.069427,federally administered tribal areas
151,1,2010-07-25,shaktoi village in the pasalkot region,south waziristan,2010,0,none,none,4,14,9,0,0,0,0,0,0,4,14,9,obama,vehicle,taliban,1. taliban,32.66597,70.161438,federally administered tribal areas
152,1,2010-08-14,"issori, 13 miles east of miram shah",north waziristan,2010,1,amir moawia,ttp commander,7,7,7,5,7,6,0,0,0,12,14,13,obama,compound,taliban,1. taliban,32.990234,70.31868,federally administered tribal areas
153,1,2010-08-21,"kutabkhel village, 3 km south of miram shah",north waziristan,2010,0,none,none,4,6,5,0,0,0,0,0,0,4,6,5,obama,vehicle,unclear,7. unclear,32.983898,70.059128,federally administered tribal areas
154,1,2010-08-23,derga mandy,north waziristan,2010,0,none,none,5,5,5,0,0,0,0,0,0,5,5,5,obama,compound,unclear,7. unclear,33.0155,70.056,federally administered tribal areas
155,1,2010-08-23,danday darpa khel,north waziristan,2010,0,none,none,0,13,6,0,0,0,7,7,7,7,20,13,obama,compound,haqqani network,4. haqqani network,33.028816,70.046082,federally administered tribal areas
156,1,2010-08-27,"shahidano village, 62 miles southwest of peshawar",kurram agency,2010,0,none,none,3,4,3,0,0,0,0,0,0,3,4,3,obama,vehicle,haqqani network,4. haqqani network,33.680923,70.41687,federally administered tribal areas
157,1,2010-09-03,"datta khel, 12 miles west of miram shah",north waziristan,2010,0,none,none,2,7,4,0,0,0,0,0,0,2,7,4,obama,vehicle,unclear,7. unclear,32.994267,69.777603,federally administered tribal areas
158,1,2010-09-03,machis factory area on outskirts of miram shah,north waziristan,2010,0,none,none,5,25,15,0,0,0,0,0,0,5,25,15,obama,house,unclear,7. unclear,33.018452,70.098953,federally administered tribal areas
159,1,2010-09-04,datta khel,north waziristan,2010,0,none,none,4,8,6,0,0,0,0,0,0,4,8,6,obama,house,unclear,7. unclear,32.983898,69.751511,federally administered tribal areas
160,1,2010-09-04,near miramshah,north waziristan,2010,0,none,none,5,6,5,0,0,0,0,0,0,5,6,5,obama,house,unclear,7. unclear,33.0047,70.0675,federally administered tribal areas
161,1,2010-09-06,"khar qamar, a village in datta khel",north waziristan,2010,0,none,none,3,6,4,0,0,0,0,0,0,3,6,4,obama,vehicle,unclear,7. unclear,32.977566,69.711685,federally administered tribal areas
162,1,2010-09-08,"ambor shaga on dattakhel road, near the border",north waziristan,2010,0,none,none,4,4,4,0,0,0,0,0,0,4,4,4,obama,vehicle,unclear,7. unclear,32.996571,69.526291,federally administered tribal areas
163,1,2010-09-08,dargha mandi at ghulam khan road area,north waziristan,2010,0,none,none,4,6,5,0,0,0,0,0,0,4,6,5,obama,compound,unclear,7. unclear,32.995419,70.015182,federally administered tribal areas
164,1,2010-09-08,danday darpakhel,north waziristan,2010,0,none,none,10,10,10,0,0,0,0,0,0,10,10,10,obama,house,haqqani network,4. haqqani network,33.027664,70.017242,federally administered tribal areas
165,1,2010-09-09,outskirts of miram shah,north waziristan,2010,0,none,none,4,6,5,0,0,0,0,0,0,4,6,5,obama,compound,unclear,7. unclear,33.008087,70.061874,federally administered tribal areas
166,1,2010-09-12,datta khel,north waziristan,2010,0,none,none,4,6,5,0,0,0,0,0,0,4,6,5,obama,house,taliban,1. taliban,32.986202,69.685593,federally administered tribal areas
167,1,2010-09-14,"bushnarai village, shawal",north waziristan,2010,0,none,none,7,12,9,0,0,0,0,0,0,7,12,9,obama,compound,unclear,7. unclear,33.021908,69.656754,federally administered tribal areas
168,1,2010-09-14,"qutabkhel village, a southern suburb of miranshah",north waziristan,2010,1,saifullah haqqani,"saifullah, siraj haqqani's cousin. and a militant commander",4,4,4,0,0,0,0,0,0,4,4,4,obama,vehicle,haqqani network,4. haqqani network,32.98505,70.076981,federally administered tribal areas
169,1,2010-09-15,payekhel village of dattakhel district,north waziristan,2010,0,none,none,4,7,5,0,0,0,0,0,0,4,7,5,obama,compound,unclear,7. unclear,33.008663,69.76181,federally administered tribal areas
170,1,2010-09-15,"dargah mandi, outskirts of miram shah",north waziristan,2010,0,none,none,11,14,12,0,0,0,0,0,0,11,14,12,obama,compound,haqqani network,4. haqqani network,33.02018,70.029602,federally administered tribal areas
171,1,2010-09-19,"deghan, datta khel,",north waziristan,2010,0,none,none,4,5,4,0,0,0,0,0,0,4,5,4,obama,vehicle,unclear,7. unclear,32.974972,69.686279,federally administered tribal areas
172,1,2010-09-20,"darazinda village, 25 miles northeast of miram shah",north waziristan,2010,0,none,none,8,9,8,0,0,0,0,0,0,8,9,8,obama,vehicle,unclear,7. unclear,33.070827,69.701385,federally administered tribal areas
173,1,2010-09-21,"azam warsak, 6 miles nw of wana",south waziristan,2010,0,none,none,5,7,6,0,0,0,0,0,0,5,7,6,obama,funeral,taliban,1. taliban,32.344002,69.66568,federally administered tribal areas
174,1,2010-09-21,"khund, south waziristan border with afghanistan",south waziristan,2010,0,none,none,6,7,6,0,0,0,0,0,0,6,7,6,obama,vehicle,taliban,1. taliban,32.46806,69.300385,federally administered tribal areas
175,1,2010-09-25,"datta khel, 12 miles west of miram shah",north waziristan,2010,1,"shaikh al-fatah, also known as abdul razzak","al qaeda's operational commander in pakistan,",3,4,3,0,0,0,0,0,0,3,4,3,obama,vehicle,al-qaeda,3. al-qaeda,32.987354,69.66774,federally administered tribal areas
176,1,2010-09-26,"tarmanu road, 31 miles west of miram shah",north waziristan,2010,0,none,none,5,5,5,0,0,0,0,0,0,5,5,5,obama,vehicle,unclear,7. unclear,32.979294,69.664307,federally administered tribal areas
177,1,2010-09-26,lawara mandi area of datta khel,north waziristan,2010,0,none,none,3,4,3,0,0,0,0,0,0,3,4,3,obama,house,unclear,7. unclear,32.978718,69.6698,federally administered tribal areas
178,1,2010-09-26,sherani area of datta khel,north waziristan,2010,0,none,none,3,4,3,0,0,0,0,0,0,3,4,3,obama,vehicle,haqqani network,4. haqqani network,32.987354,69.66774,federally administered tribal areas
179,1,2010-09-27,"khush hali, southeast of miram shah",north waziristan,2010,0,none,none,2,4,3,0,0,0,0,0,0,2,4,3,obama,compound,unclear,7. unclear,32.98505,70.014153,federally administered tribal areas
180,1,2010-09-28,"zeba village, west of wana",south waziristan,2010,0,none,none,4,4,4,0,0,0,0,0,0,4,4,4,obama,compound,unclear,7. unclear,32.472694,69.274979,federally administered tribal areas
181,1,2010-10-02,"inzarkas village, datta khel",north waziristan,2010,0,none,none,8,9,8,0,0,0,0,0,0,8,9,8,obama,house,taliban,1. taliban,32.990234,69.631348,federally administered tribal areas
182,1,2010-10-02,"asar village, datta khel",north waziristan,2010,0,none,none,6,10,8,0,0,0,0,0,0,6,10,8,obama,house,haqqani network,4. haqqani network,32.98793,69.640961,federally administered tribal areas
183,1,2010-10-04,mir ali,north waziristan,2010,0,none,none,1,8,4,4,4,4,0,0,0,5,12,8,obama,compound,unclear,7. unclear,32.981022,70.256882,federally administered tribal areas
184,1,2010-10-06,mir ali,north waziristan,2010,0,none,none,3,5,4,0,0,0,0,0,0,3,5,4,obama,house,unclear,7. unclear,32.966042,70.274734,federally administered tribal areas
185,1,2010-10-06,miram shah,north waziristan,2010,0,none,none,3,6,4,0,0,0,0,0,0,3,6,4,obama,compound,unclear,7. unclear,33.012695,70.10788,federally administered tribal areas
186,1,2010-10-07,"khaisoori town, mir ali",north waziristan,2010,0,none,none,2,4,3,0,0,0,0,0,0,2,4,3,obama,compound,unclear,7. unclear,32.975838,70.261688,federally administered tribal areas
187,1,2010-10-08,"charkhel, in datta khel",north waziristan,2010,0,none,none,4,9,6,0,0,0,0,0,0,4,9,6,obama,compound,unclear,7. unclear,32.984188,69.696922,federally administered tribal areas
188,1,2010-10-10,"spin wam refugee camp, outside mir ali",north waziristan,2010,0,none,none,7,8,7,0,0,0,0,0,0,7,8,7,obama,compound,unclear,7. unclear,32.99081,70.304604,federally administered tribal areas
189,1,2010-10-13,"inzarkas village, datta khel",north waziristan,2010,0,none,none,3,11,7,0,0,0,0,0,0,3,11,7,obama,house,taliban,1. taliban,32.992538,69.654007,federally administered tribal areas
190,1,2010-10-15,aziz khel,north waziristan,2010,0,none,none,6,6,6,0,0,0,0,0,0,6,6,6,obama,vehicle,unclear,7. unclear,32.970654,70.293961,federally administered tribal areas
191,1,2010-10-15,"machi khel, near mir ali",north waziristan,2010,0,none,none,3,5,4,0,0,0,0,0,0,3,5,4,obama,house,unclear,7. unclear,32.97987,70.232849,federally administered tribal areas
192,1,2010-10-18,sanzali area of datta khel,north waziristan,2010,0,none,none,5,7,6,0,0,0,0,0,0,5,7,6,obama,compound,unclear,7. unclear,32.976414,69.733658,federally administered tribal areas
193,1,2010-10-27,deegan area of datta khel,north waziristan,2010,0,none,none,3,4,3,0,0,0,0,0,0,3,4,3,obama,vehicle,haqqani network,4. haqqani network,32.997147,69.697952,federally administered tribal areas
194,1,2010-10-27,"spin wam, near mir ali",north waziristan,2010,0,none,none,2,5,3,0,0,0,0,0,0,2,5,3,obama,house,unclear,7. unclear,32.986778,70.315247,federally administered tribal areas
195,1,2010-10-28,"ismail khel, in datta khel",north waziristan,2010,0,none,none,4,11,7,0,0,0,0,0,0,4,11,7,obama,compound,unclear,7. unclear,32.994843,69.726791,federally administered tribal areas
196,1,2010-11-01,"hyder khel, near mir ali",north waziristan,2010,0,none,none,5,6,5,0,0,0,0,0,0,5,6,5,obama,compound,unclear,7. unclear,32.97382,70.312157,federally administered tribal areas
197,1,2010-11-03,"qutub khel, near miram shah",north waziristan,2010,0,none,none,4,5,4,0,0,0,0,0,0,4,5,4,obama,vehicle,unclear,7. unclear,33.021332,70.013123,federally administered tribal areas
198,1,2010-11-03,"pai khel village, in datta khel",north waziristan,2010,0,none,none,4,4,4,0,0,0,0,0,0,4,4,4,obama,vehicle,unclear,7. unclear,32.97987,69.643707,federally administered tribal areas
199,1,2010-11-03,"khaso khel village, near mir ali",north waziristan,2010,0,none,none,3,4,3,0,0,0,0,0,0,3,4,3,obama,house,unclear,7. unclear,32.962009,70.333786,federally administered tribal areas
200,1,2010-11-07,"moizer town, datta khel",north waziristan,2010,0,none,none,4,6,5,0,0,0,0,0,0,4,6,5,obama,vehicle,unclear,7. unclear,32.98217,69.627914,federally administered tribal areas
201,1,2010-11-07,"ghulam khan, north of miram shah",north waziristan,2010,0,none,none,8,9,8,0,0,0,0,0,0,8,9,8,obama,house,unclear,7. unclear,33.05817,70.080414,federally administered tribal areas
202,1,2010-11-11,"gulli khel village, ghulam khan, 8 miles from miram shah",north waziristan,2010,0,none,none,6,7,6,0,0,0,0,0,0,6,7,6,obama,gathering,haqqani network,4. haqqani network,33.027664,69.741898,federally administered tribal areas
203,1,2010-11-13,"ahmad khel, 15 miles west of miram shah",north waziristan,2010,0,none,none,0,0,0,4,4,4,0,0,0,4,4,4,obama,vehicle,unclear,7. unclear,33.006935,69.820518,federally administered tribal areas
204,1,2010-11-16,"ghulam khan, 20 km north of miram shah",north waziristan,2010,0,none,none,11,15,13,5,5,5,0,0,0,16,20,18,obama,house,unclear,7. unclear,33.106499,70.053635,federally administered tribal areas
205,1,2010-11-19,"naurak, near marsi khel village, nine miles east of miram shah",north waziristan,2010,0,none,none,3,4,3,0,0,0,0,0,0,3,4,3,obama,vehicle,haqqani network,4. haqqani network,32.985626,70.342026,federally administered tribal areas
206,1,2010-11-21,"khaddi, 10 miles east of miram shah",north waziristan,2010,0,none,none,1,6,3,0,0,0,3,3,3,4,9,6,obama,house,unclear,7. unclear,32.962585,70.276794,federally administered tribal areas
207,1,2010-11-22,"khushali, 15 miles east of miram shah",north waziristan,2010,0,none,none,4,6,5,0,0,0,0,0,0,4,6,5,obama,vehicle,unclear,7. unclear,32.97094,70.349403,federally administered tribal areas
208,1,2010-11-26,"pir keley, six miles east of miram shah",north waziristan,2010,0,none,none,4,4,4,0,0,0,0,0,0,4,4,4,obama,vehicle,unclear,7. unclear,32.993114,70.196457,federally administered tribal areas
209,1,2010-11-28,"hasan khel, 30 km east of miram shah",north waziristan,2010,0,none,none,3,4,3,0,0,0,0,0,0,3,4,3,obama,vehicle,unclear,7. unclear,32.984474,70.377045,federally administered tribal areas
210,1,2010-12-06,"khysore village, 20 miles east of miram shah",north waziristan,2010,0,none,none,3,5,4,0,0,0,0,2,1,3,7,5,obama,business,unclear,7. unclear,32.983322,70.405884,federally administered tribal areas
211,1,2010-12-10,"khadar khel, near mir ali",north waziristan,2010,0,none,none,4,4,4,0,0,0,0,0,0,4,4,4,obama,house,al-qaeda,3. al-qaeda,32.972958,70.400391,federally administered tribal areas
212,1,2010-12-14,"spalga, nine miles south of miram shah",north waziristan,2010,0,none,none,4,4,4,0,0,0,0,0,0,4,4,4,obama,vehicle,unclear,7. unclear,33.033997,70.19989,federally administered tribal areas
213,1,2010-12-16,spin drand area of the tirah valley,khyber pakhtunkhwa,2010,1,ibn-e-amin,"ibn-e-amin, explosives expert and ttp senior commander. linked with al qaeda",7,7,7,0,0,0,0,0,0,7,7,7,obama,vehicle,unclear,7. unclear,33.804256,70.736847,khyber pakhtunkhwa
214,1,2010-12-17,"sippah village, near spin drand in the tirah valley",khyber pakhtunkhwa,2010,3,"ali marjan, yar azam and mehmud,","commanders of lashkar-e-islam, a local taliban affiliate.",7,32,19,0,0,0,0,0,0,7,32,19,obama,compound,al-qaeda,3. al-qaeda,33.795128,70.768433,khyber pakhtunkhwa
215,1,2010-12-17,"sandana, tirah valley",khyber pakhtunkhwa,2010,0,none,none,7,7,7,0,0,0,0,0,0,7,7,7,obama,vehicle,taliban,1. taliban,33.790562,70.823364,khyber pakhtunkhwa
216,1,2010-12-17,"narai baba, tirah valley",khyber pakhtunkhwa,2010,0,none,none,11,15,13,0,0,0,0,0,0,11,15,13,obama,house,taliban,1. taliban,33.756313,70.7547,khyber pakhtunkhwa
217,1,2010-12-27,"shera tala area, near mir ali",north waziristan,2010,0,none,none,18,21,19,0,0,0,0,0,0,18,21,19,obama,vehicle,taliban,1. taliban,32.957977,70.379791,federally administered tribal areas
218,1,2010-12-27,"machikhel, mir ali",north waziristan,2010,0,none,none,4,6,5,0,0,0,0,0,0,4,6,5,obama,vehicle,taliban,1. taliban,33.0291,70.2468,federally administered tribal areas
219,1,2010-12-28,"nawab village, in ghulam khan area",north waziristan,2010,0,none,none,10,10,10,0,0,0,0,0,0,10,10,10,obama,vehicle,unclear,7. unclear,33.016724,69.906006,federally administered tribal areas
220,1,2010-12-28,"ghulam khan, 20 km north of miram shah",north waziristan,2010,0,none,none,5,8,6,0,0,0,0,0,0,5,8,6,obama,house,unclear,7. unclear,33.029388,69.916992,federally administered tribal areas
221,1,2010-12-31,"ghulam khan, 15km nw of miram shah",north waziristan,2010,0,none,none,4,8,6,0,0,0,0,0,0,4,8,6,obama,vehicle,haqqani network,4. haqqani network,33.037449,69.906006,federally administered tribal areas
222,1,2011-01-01,"mandi khel, near mir ali",north waziristan,2011,0,none,none,7,9,8,0,0,0,0,0,0,7,9,8,obama,compound,taliban,1. taliban,33.02824,70.239716,federally administered tribal areas
223,1,2011-01-01,"ghoresti, near mir ali",north waziristan,2011,0,none,none,4,5,4,0,0,0,0,0,0,4,5,4,obama,gathering,taliban,1. taliban,33.02824,70.236969,federally administered tribal areas
224,1,2011-01-01,boya village in datta khel,north waziristan,2011,0,none,none,4,4,4,0,0,0,0,0,0,4,4,4,obama,vehicle,unclear,7. unclear,32.957977,69.918365,federally administered tribal areas
225,1,2011-01-07,"ghar laley, 22 miles west of miram shah",north waziristan,2011,0,none,none,4,5,4,0,0,0,0,0,0,4,5,4,obama,house,unclear,7. unclear,32.997147,69.749451,federally administered tribal areas
226,1,2011-01-12,"haiderkhel, 15 miles east of miram shah",north waziristan,2011,0,none,none,3,4,3,0,0,0,0,0,0,3,4,3,obama,compound,taliban,1. taliban,33.009815,70.366058,federally administered tribal areas
227,1,2011-01-18,"asar village, 25 miles west of miram shah, datta khel",north waziristan,2011,0,none,none,4,5,4,0,0,0,0,0,0,4,5,4,obama,compound,unclear,7. unclear,33.004059,69.603882,federally administered tribal areas
228,1,2011-01-23,"doga mada khel, near datta khel",north waziristan,2011,0,none,none,3,4,3,0,0,0,0,0,0,3,4,3,obama,house,unclear,7. unclear,32.994843,69.627228,federally administered tribal areas
229,1,2011-01-23,"doga mada khel, near datta khel",north waziristan,2011,0,none,none,2,3,2,0,0,0,0,0,0,2,3,2,obama,vehicle,unclear,7. unclear,32.99369,69.624481,federally administered tribal areas
230,1,2011-01-23,"mando khel, 60km south of miram shah near razmak",north waziristan,2011,0,none,none,6,6,6,0,0,0,0,0,0,6,6,6,obama,compound,unclear,7. unclear,32.691399,69.846954,federally administered tribal areas
231,1,2011-02-20,"kaza panga village, 10 miles west of wana",south waziristan,2011,1,abu zaid al-iraqi,managed al-qaeda's finances in pakistan,4,8,6,0,0,0,0,0,0,4,8,6,obama,house,al-qaeda,3. al-qaeda,32.313831,69.422607,federally administered tribal areas
232,1,2011-02-21,"spalga village, 12 miles south of miram shah",north waziristan,2011,0,none,none,0,0,0,5,8,6,0,0,0,5,8,6,obama,compound,unclear,7. unclear,33.040901,70.19989,federally administered tribal areas
233,1,2011-02-24,"mohammed khel, in danday darpa khel",north waziristan,2011,0,none,none,4,5,4,0,0,0,0,0,0,4,5,4,obama,house,taliban,1. taliban,32.976414,69.643707,federally administered tribal areas
234,1,2011-03-08,ismailkhel,north waziristan,2011,0,none,none,4,5,4,0,0,0,0,0,0,4,5,4,obama,compound,unclear,7. unclear,32.968,69.69,federally administered tribal areas
235,1,2011-03-08,"landidog, 12 miles west of wama",south waziristan,2011,0,none,none,5,5,5,0,0,0,0,0,0,5,5,5,obama,compound,unclear,7. unclear,32.314991,69.447327,federally administered tribal areas
236,1,2011-03-11,"spinwam village, khaisor, 30 miles north of miram shah",north waziristan,2011,0,none,none,3,4,3,2,2,2,0,0,0,5,6,5,obama,vehicle,unclear,7. unclear,33.094994,70.276794,federally administered tribal areas
237,1,2011-03-11,ghorski,north waziristan,2011,0,none,none,4,10,7,0,0,0,0,0,0,4,10,7,obama,gathering,unclear,7. unclear,33.1347,70.1649,federally administered tribal areas
238,1,2011-03-13,"azam warsak, 12 miles west of wana",south waziristan,2011,0,none,none,0,4,2,0,0,0,0,0,0,0,4,2,obama,vehicle,unclear,7. unclear,32.308025,69.43222,federally administered tribal areas
239,1,2011-03-13,"spalga village, 15km ne of miram shah",north waziristan,2011,0,none,none,4,6,5,0,0,0,0,0,0,4,6,5,obama,compound,taliban,1. taliban,33.050114,70.201263,federally administered tribal areas
240,1,2011-03-14,"malik jashdar, 6 miles east of miram shah",north waziristan,2011,0,none,none,3,6,4,0,0,0,0,0,0,3,6,4,obama,vehicle,unclear,7. unclear,32.999451,70.3125,federally administered tribal areas
241,1,2011-03-16,"datta khel, 15 miles west of miram shah",north waziristan,2011,0,none,none,4,6,5,0,0,0,0,0,0,4,6,5,obama,compound,unclear,7. unclear,33.001755,69.781036,federally administered tribal areas
242,1,2011-03-17,"datta khel, 15 miles west of miram shah",north waziristan,2011,0,none,none,0,0,0,7,7,7,38,38,38,45,45,45,obama,gathering,taliban,1. taliban,32.98793,69.763184,federally administered tribal areas
243,1,2011-04-13,"angoor adda, bhangar area",south waziristan,2011,0,none,none,4,6,5,0,0,0,0,0,0,4,6,5,obama,vehicle,haqqani network,4. haqqani network,32.512077,69.296265,federally administered tribal areas
244,1,2011-04-22,"spinwam village, mir ali",north waziristan,2011,0,none,none,17,17,17,3,3,3,3,9,6,23,29,26,obama,compound,taliban,1. taliban,33.091541,70.274734,federally administered tribal areas
245,1,2011-05-06,datta khel,north waziristan,2011,0,none,none,5,12,8,0,0,0,0,6,3,5,18,11,obama,compound,al-qaeda,3. al-qaeda,33.012695,69.761124,federally administered tribal areas
246,1,2011-05-10,"baghar area, near angoor adda",south waziristan,2011,0,none,none,3,5,4,0,0,0,0,0,0,3,5,4,obama,vehicle,unclear,7. unclear,32.506866,69.300385,federally administered tribal areas
247,1,2011-05-12,datta khel,north waziristan,2011,0,none,none,3,8,5,0,0,0,0,0,0,3,8,5,obama,vehicle,unclear,7. unclear,32.986778,69.697266,federally administered tribal areas
248,1,2011-05-13,"doga madakhel, 40km west of miram shah, in datta khel",north waziristan,2011,0,none,none,3,5,4,0,0,0,0,0,0,3,5,4,obama,vehicle,unclear,7. unclear,33.007511,69.6698,federally administered tribal areas
249,1,2011-05-16,mir ali,north waziristan,2011,0,none,none,4,6,5,0,0,0,0,0,0,4,6,5,obama,compound,unclear,7. unclear,32.996571,70.351639,federally administered tribal areas
250,1,2011-05-16,mir ali,north waziristan,2011,0,none,none,3,6,4,0,0,0,0,0,0,3,6,4,obama,vehicle,unclear,7. unclear,32.995419,70.350266,federally administered tribal areas
251,1,2011-05-20,"tappi area, 10km east of miram shah",north waziristan,2011,0,none,none,4,6,5,0,0,0,0,0,0,4,6,5,obama,vehicle,unclear,7. unclear,33.009525,70.185814,federally administered tribal areas
252,1,2011-05-23,"machikhel, mir ali",north waziristan,2011,0,none,none,4,7,5,0,0,0,0,0,0,4,7,5,obama,vehicle,unclear,7. unclear,32.992538,70.221863,federally administered tribal areas
253,1,2011-06-03,"laman, in ghwa khwa and karikot area, 20km south of wana",south waziristan,2011,1,ilyas kashmiri,"commander-in-chief of harkat-ul-jehad-e-islami 313 brigade, an al qaeda affiliate.",5,12,8,0,0,0,0,0,0,5,12,8,obama,compound,al-qaeda,3. al-qaeda,32.168636,69.576416,federally administered tribal areas
254,1,2011-06-06,"bray nishtar, 30 miles from wacha dana, near north waziristan border",south waziristan,2011,0,none,none,3,5,4,0,0,0,0,0,0,3,5,4,obama,vehicle,unclear,7. unclear,32.826519,69.587402,federally administered tribal areas
255,1,2011-06-06,"wana, south waziristan",south waziristan,2011,0,none,none,18,23,20,0,0,0,0,0,0,18,23,20,obama,compound,taliban,1. taliban,32.346901,69.498138,federally administered tribal areas
256,1,2011-06-08,zawal narai area of shawal tehsil,north waziristan,2011,0,none,none,15,23,19,0,0,0,0,0,0,15,23,19,obama,compound,taliban,1. taliban,32.932625,69.623108,federally administered tribal areas
257,1,2011-06-08,zawal narai area of shawal tehsil,north waziristan,2011,0,none,none,4,4,4,0,0,0,0,0,0,4,4,4,obama,vehicle,taliban,1. taliban,32.9313,69.6248,federally administered tribal areas
258,1,2011-06-15,wana,south waziristan,2011,0,none,none,3,10,6,0,0,0,0,0,0,3,10,6,obama,vehicle,taliban,1. taliban,32.306866,69.56543,federally administered tribal areas
259,1,2011-06-15,"tapi, 10 km east of miram shah",north waziristan,2011,0,none,none,0,0,0,0,2,1,4,4,4,4,6,5,obama,vehicle,unclear,7. unclear,33.010967,70.180664,federally administered tribal areas
260,1,2011-06-20,khardand,kurram agency,2011,0,none,none,7,9,8,0,4,2,0,0,0,7,13,10,obama,house and vehicle,haqqani network,4. haqqani network,33.527657,70.285034,federally administered tribal areas
261,1,2011-06-27,mantoi,south waziristan,2011,0,none,none,12,21,16,0,0,0,0,0,0,12,21,16,obama,compound,taliban,1. taliban,32.708733,69.559937,federally administered tribal areas
262,1,2011-06-27,bray nishtar,south waziristan,2011,0,none,none,3,12,7,0,0,0,0,0,0,3,12,7,obama,vehicle,taliban,1. taliban,32.6272,69.4453,federally administered tribal areas
263,1,2011-07-05,mir ali,north waziristan,2011,0,none,none,3,4,3,0,0,0,0,0,0,3,4,3,obama,house,unclear,7. unclear,33.006935,70.239716,federally administered tribal areas
264,1,2011-07-11,"gorwick, datta khel town, 45 km west of miram shah",north waziristan,2011,0,none,none,7,25,16,0,0,0,0,0,0,7,25,16,obama,compound,taliban,1. taliban,32.9052,69.7488,federally administered tribal areas
265,1,2011-07-12,"malik shahi village, dremala/bermal tehsil, shawal, near the border with north waziristan and paktika,",south waziristan,2011,0,none,none,5,13,9,0,0,0,0,0,0,5,13,9,obama,compound,taliban,1. taliban,32.6238,69.4968,federally administered tribal areas
266,1,2011-07-12,"bray nishtar, shawal area",north waziristan,2011,0,none,none,8,15,11,0,0,0,0,0,0,8,15,11,obama,compound,unclear,7. unclear,32.6138,69.5082,federally administered tribal areas
267,1,2011-07-12,"bray nishtar, shawal area",north waziristan,2011,0,none,none,3,8,5,0,0,0,0,0,0,3,8,5,obama,vehicle,unclear,7. unclear,32.6126,69.5078,federally administered tribal areas
268,1,2011-07-12,neway adda village,north waziristan,2011,0,none,none,0,0,0,0,0,0,1,1,1,1,1,1,obama,vehicle,unclear,7. unclear,32.9052,69.7488,federally administered tribal areas
269,1,2011-08-01,"azam warsak, 12 miles west of wana",south waziristan,2011,0,none,none,3,6,4,0,0,0,0,0,0,3,6,4,obama,vehicle,taliban,1. taliban,32.311508,69.418488,federally administered tribal areas
270,1,2011-08-02,miram shah,north waziristan,2011,0,none,none,4,4,4,0,0,0,0,0,0,4,4,4,obama,vehicle,unclear,7. unclear,33.009815,70.098267,federally administered tribal areas
271,1,2011-08-10,miram shah,north waziristan,2011,0,none,none,18,23,20,0,0,0,0,0,0,18,23,20,obama,compound,haqqani network,4. haqqani network,33.002907,70.094147,federally administered tribal areas
272,1,2011-08-16,miram shah,north waziristan,2011,0,none,none,4,4,4,0,0,0,0,0,0,4,4,4,obama,compound,unclear,7. unclear,33.006359,70.067368,federally administered tribal areas
273,1,2011-08-19,shin warsak,south waziristan,2011,0,none,none,4,4,4,0,0,0,0,0,0,4,4,4,obama,house,unclear,7. unclear,32.280746,69.519424,federally administered tribal areas
274,1,2011-08-22,"norak, near mir ali",north waziristan,2011,1,atiyah abd al-rahman,"al qaeda's no. 2, operational leader, planning attacks, helping manage the terrorist group on a daily basis",3,7,5,4,4,4,0,0,0,7,11,9,obama,vehicle,al-qaeda,3. al-qaeda,32.963451,70.31044,federally administered tribal areas
275,1,2011-09-11,"hisokhel, near mir ali",north waziristan,2011,1,abu hafs al-shahri,"pakistan operational chief, al qaeda",1,5,3,0,0,0,0,0,0,1,5,3,obama,house,al-qaeda,3. al-qaeda,32.972382,70.289841,federally administered tribal areas
276,1,2011-09-23,"khushali area, near mir ali",north waziristan,2011,0,none,none,3,6,4,0,0,0,0,0,0,3,6,4,obama,compound,unclear,7. unclear,33.021332,70.305634,federally administered tribal areas
277,1,2011-09-27,"azam warsak, 12 miles west of wana",south waziristan,2011,0,none,none,0,4,2,0,0,0,0,0,0,0,4,2,obama,compound,taliban,1. taliban,32.327759,69.43634,federally administered tribal areas
278,1,2011-09-30,near angor adda and afghan border,south waziristan,2011,0,none,none,3,4,3,0,0,0,0,0,0,3,4,3,obama,vehicle,taliban,1. taliban,32.509762,69.314117,federally administered tribal areas
279,1,2011-10-13,"angoor adda, bhangar area",south waziristan,2011,0,none,none,4,4,4,0,0,0,0,0,0,4,4,4,obama,compound,taliban,1. taliban,32.4825,69.2709,federally administered tribal areas
280,1,2011-10-13,close to dande darpa khel,north waziristan,2011,1,janbaz zadran,"also known as jalil haqqani, a top haqqani network commander",3,6,4,0,0,0,0,0,0,3,6,4,obama,compound,haqqani network,4. haqqani network,32.998009,70.033211,federally administered tribal areas
281,1,2011-10-14,close to miram shah,north waziristan,2011,0,none,none,1,2,1,2,2,2,0,0,0,3,4,3,obama,vehicle,haqqani network,4. haqqani network,32.989372,70.058098,federally administered tribal areas
282,1,2011-10-15,"angoor adda, bhangar area",south waziristan,2011,0,none,none,3,6,4,0,0,0,0,0,0,3,6,4,obama,compound,haqqani network,4. haqqani network,32.460228,69.260246,federally administered tribal areas
283,1,2011-10-26,bobar,north waziristan,2011,1,taj gul mehsud,"reportedly, taj gul mehsud was a ttp senior commander",13,13,13,0,0,0,0,0,0,13,13,13,obama,compound,taliban,1. taliban,33.1344,70.4512,federally administered tribal areas
284,1,2011-10-27,"azam warsak, 12 miles west of wana",south waziristan,2011,2,"khan mohammad, hazrat omar",khan mohammad was a top commander for the maulvi nazir taliban faction. hazmat omar was the group's operational head.,4,6,5,0,0,0,0,0,0,4,6,5,obama,vehicle,taliban,2. taliban factions,32.327763,69.436302,federally administered tribal areas
285,1,2011-10-27,mir ali,north waziristan,2011,0,none,none,4,5,4,0,0,0,0,0,0,4,5,4,obama,house,taliban,1. taliban,32.5808,70.1637,federally administered tribal areas
286,1,2011-10-30,datta khel,north waziristan,2011,0,none,none,0,0,0,0,2,1,3,4,3,3,6,4,obama,vehicle,unclear,7. unclear,32.963783,70.240593,federally administered tribal areas
287,1,2011-10-31,mubarak shan near miranshah,north waziristan,2011,0,none,none,0,0,0,4,4,4,0,0,0,4,4,4,obama,vehicle,unclear,7. unclear,32.987213,70.084877,federally administered tribal areas
288,1,2011-11-03,darpa khel sarai,north waziristan,2011,0,none,none,2,3,2,0,0,0,0,0,0,2,3,2,obama,compound,haqqani network,4. haqqani network,32.5917,70.0317,federally administered tribal areas
289,1,2011-11-15,miranshah,north waziristan,2011,0,none,none,6,7,6,0,0,0,0,0,0,6,7,6,obama,compound,taliban,1. taliban,32.996284,70.074921,federally administered tribal areas
290,1,2011-11-16,babar ghar,south waziristan,2011,0,none,none,12,22,17,0,0,0,0,0,0,12,22,17,obama,compound,taliban,1. taliban,32.3914,70.1126,federally administered tribal areas
291,1,2011-11-17,shawal,north waziristan,2011,0,none,none,4,7,5,0,0,0,0,0,0,4,7,5,obama,compound,unclear,7. unclear,32.3649,69.3029,federally administered tribal areas
292,1,2012-01-10,miranshah,north waziristan,2012,1,aslam awan,"senior external operations organizer, al qaeda",4,4,4,0,0,0,0,0,0,4,4,4,obama,building,al-qaeda,3. al-qaeda,32.997147,70.046082,federally administered tribal areas
293,1,2012-01-13,new aadda (outside miranshah),north waziristan,2012,0,none,none,4,8,6,0,0,0,0,0,0,4,8,6,obama,vehicle,unclear,7. unclear,32.976414,69.719238,federally administered tribal areas
294,1,2012-01-23,degan,north waziristan,2012,0,none,none,4,5,4,0,0,0,0,0,0,4,5,4,obama,vehicle,al-qaeda,3. al-qaeda,32.981022,69.785156,federally administered tribal areas
295,1,2012-02-08,spalga,north waziristan,2012,0,none,none,9,10,9,0,0,0,0,0,0,9,10,9,obama,house,haqqani network,4. haqqani network,33.052414,70.19165,federally administered tribal areas
296,1,2012-02-09,miranshah,north waziristan,2012,1,badar mansoor,"commander, pakistani taliban with links to al qaeda",3,5,4,0,0,0,0,3,1,3,8,5,obama,house,taliban,1. taliban,33.001755,70.073547,federally administered tribal areas
297,1,2012-02-16,spalga,north waziristan,2012,0,none,none,5,6,5,0,0,0,0,0,0,5,6,5,obama,compound,unclear,7. unclear,33.043205,70.188904,federally administered tribal areas
298,1,2012-02-16,mir ali,north waziristan,2012,0,none,none,7,15,11,0,0,0,0,0,0,7,15,11,obama,vehicle,unclear,7. unclear,33.017876,70.254822,federally administered tribal areas
299,1,2012-03-09,makin,south waziristan,2012,0,none,none,8,13,10,0,0,0,0,0,0,8,13,10,obama,house,unclear,7. unclear,32.79882,69.507751,federally administered tribal areas
300,1,2012-03-09,nishpa,south waziristan,2012,0,none,none,6,6,6,0,0,0,0,0,0,6,6,6,obama,vehicle,unclear,7. unclear,31.840233,70.037842,federally administered tribal areas
301,1,2012-03-13,uthghalai,south waziristan,2012,0,none,none,5,7,6,0,0,0,0,0,0,5,7,6,obama,vehicle,taliban,2. taliban factions,32.583851,69.483032,federally administered tribal areas
302,1,2012-03-13,tehsil bermal,north waziristan,2012,2,amir hamza toji khel and shamsulah,"senior commanders, mullah nazir faction of the pakistani taliban",6,8,7,0,0,0,0,0,0,6,8,7,obama,vehicle,taliban,1. taliban,32.874973,69.614868,federally administered tribal areas
303,1,2012-03-30,miranshah,north waziristan,2012,0,none,none,4,4,4,0,0,0,0,0,0,4,4,4,obama,compound,taliban,1. taliban,33.031693,70.169678,federally administered tribal areas
304,1,2012-04-29,miranshah,north waziristan,2012,0,none,none,3,6,4,0,0,0,0,0,0,3,6,4,obama,madrassa,taliban,1. taliban,33.008663,70.197144,federally administered tribal areas
305,1,2012-05-05,shawal,north waziristan,2012,0,none,none,8,10,9,0,0,0,0,0,0,8,10,9,obama,compound,taliban,1. taliban,32.884201,69.598389,federally administered tribal areas
306,1,2012-05-23,datta khel kalai,north waziristan,2012,0,none,none,4,4,4,0,0,0,0,0,0,4,4,4,obama,compound,unclear,7. unclear,32.906685,69.754257,federally administered tribal areas
307,1,2012-05-24,mir ali,north waziristan,2012,0,none,none,0,0,0,2,7,4,3,3,3,5,10,7,obama,compound,islamic movement of uzbekistan,5. islamic movement of uzbekistan,33.036297,70.268555,federally administered tribal areas
308,1,2012-05-26,miranshah,north waziristan,2012,0,none,none,2,4,3,0,0,0,0,0,0,2,4,3,obama,business,taliban,1. taliban,32.981022,70.037842,federally administered tribal areas
309,1,2012-05-28,hassokhel (hassu khel),north waziristan,2012,0,none,none,3,4,3,0,0,0,0,0,0,3,4,3,obama,compound,unclear,7. unclear,32.5715,70.1548,federally administered tribal areas
310,1,2012-05-28,datta khel,north waziristan,2012,0,none,none,5,8,6,0,0,0,0,0,0,5,8,6,obama,vehicle,unclear,7. unclear,32.5418,69.4455,federally administered tribal areas
311,1,2012-06-02,khawashi khel,south waziristan,2012,0,none,none,2,4,3,0,0,0,0,0,0,2,4,3,obama,vehicle,unclear,7. unclear,32.280167,69.554443,federally administered tribal areas
312,1,2012-06-03,wacha dana,south waziristan,2012,0,none,none,5,10,7,0,0,0,0,0,0,5,10,7,obama,compound,unclear,7. unclear,32.306866,69.446465,federally administered tribal areas
313,1,2012-06-04,hassokhel,north waziristan,2012,1,yahya al-libi,"deputy leader, al qaeda",6,15,10,0,0,0,0,0,0,6,15,10,obama,compound,unclear,7. unclear,32.97411,70.279541,federally administered tribal areas
314,1,2012-06-12,isha,north waziristan,2012,0,none,none,2,4,3,0,0,0,0,0,0,2,4,3,obama,vehicle,unclear,7. unclear,33.004704,70.067268,federally administered tribal areas
315,1,2012-06-14,miranshah,north waziristan,2012,0,none,none,3,4,3,0,0,0,0,0,0,3,4,3,obama,compound,unclear,7. unclear,33.005211,70.069847,federally administered tribal areas
316,1,2012-06-26,shawal,north waziristan,2012,0,none,none,4,6,5,0,0,0,0,0,0,4,6,5,obama,compound,taliban,1. taliban,32.712776,69.608345,federally administered tribal areas
317,1,2012-07-01,dre nishtar village,north waziristan,2012,0,none,none,6,8,7,0,0,0,0,0,0,6,8,7,obama,compound,taliban,1. taliban,32.713356,69.608688,federally administered tribal areas
318,1,2012-07-06,datta khel village,north waziristan,2012,0,none,none,9,21,15,0,0,0,0,0,0,9,21,15,obama,compound,unclear,7. unclear,32.906975,69.758377,federally administered tribal areas
319,1,2012-07-23,shawal,north waziristan,2012,0,none,none,0,0,0,9,14,11,0,0,0,9,14,11,obama,compound,taliban,1. taliban,32.715954,69.610062,federally administered tribal areas
320,1,2012-07-29,khushhali turikhel,north waziristan,2012,0,none,none,7,7,7,0,0,0,0,0,0,7,7,7,obama,compound,unclear,7. unclear,33.005783,70.246178,federally administered tribal areas
321,1,2012-08-18,shwedar,north waziristan,2012,0,none,none,4,11,7,1,1,1,0,0,0,5,12,8,obama,house and vehicle,haqqani network,4. haqqani network,32.713356,69.608688,federally administered tribal areas
322,1,2012-08-19,mana,north waziristan,2012,0,none,none,4,7,5,0,0,0,0,0,0,4,7,5,obama,vehicle,taliban,1. taliban,32.713932,69.612122,federally administered tribal areas
323,1,2012-08-19,mana,north waziristan,2012,0,none,none,2,3,2,0,0,0,0,0,0,2,3,2,obama,house,taliban,1. taliban,32.71162,69.609375,federally administered tribal areas
324,1,2012-08-21,"shanakhora, 12 miles west of miram shah",north waziristan,2012,0,none,none,3,8,5,1,1,1,0,0,0,4,9,6,obama,house,taliban,1. taliban,33.010967,69.831848,federally administered tribal areas
325,1,2012-08-24,darray nashtar,north waziristan,2012,0,none,none,5,6,5,0,0,0,0,0,0,5,6,5,obama,compound,taliban,1. taliban,32.71711,69.616043,federally administered tribal areas
326,1,2012-08-24,darray nashtar,north waziristan,2012,0,none,none,5,6,5,0,0,0,0,0,0,5,6,5,obama,compound,taliban,1. taliban,32.71711,69.616043,federally administered tribal areas
327,1,2012-08-24,darray nashtar,north waziristan,2012,0,none,none,6,6,6,0,0,0,0,0,0,6,6,6,obama,compound,taliban,1. taliban,32.71711,69.616043,federally administered tribal areas
328,1,2012-09-01,degan,north waziristan,2012,0,none,none,4,6,5,0,0,0,0,0,0,4,6,5,obama,house,taliban,1. taliban,32.715668,69.452019,federally administered tribal areas
329,1,2012-09-22,datta khel,north waziristan,2012,0,none,none,3,4,3,0,0,0,0,0,0,3,4,3,obama,vehicle,taliban,1. taliban,32.905102,69.752785,federally administered tribal areas
330,1,2012-09-24,datta khel,north waziristan,2012,2,saleh al-turki and abu kasha al-iraqi,both saleh al-turki and abu kasha al-iraqi were al qaeda operatives,5,6,5,0,0,0,0,0,0,5,6,5,obama,compound,al-qaeda,3. al-qaeda,32.905102,69.752785,federally administered tribal areas
331,1,2012-10-01,"khaider kel, mir ali",north waziristan,2012,0,none,none,2,3,2,0,0,0,0,0,0,2,3,2,obama,vehicle,unclear,7. unclear,32.948757,70.313774,federally administered tribal areas
332,1,2012-10-10,"hurmuz, east of miranshah",north waziristan,2012,0,none,none,5,5,5,0,0,0,0,0,0,5,5,5,obama,house,unclear,7. unclear,32.991604,70.165199,federally administered tribal areas
333,1,2012-10-11,bulandkhel,orakzai,2012,0,none,none,16,26,21,0,0,0,0,0,0,16,26,21,obama,compound,taliban,1. taliban,33.620338,70.750351,federally administered tribal areas
334,1,2012-10-24,tappi,north waziristan,2012,0,none,none,4,4,4,0,0,0,0,1,0,4,5,4,obama,compound,unclear,7. unclear,32.947029,70.146835,federally administered tribal areas
335,1,2012-11-29,sheen warsak,south waziristan,2012,0,none,none,0,4,2,0,3,1,0,0,0,0,7,3,obama,vehicle,al-qaeda,3. al-qaeda,32.243587,69.510155,federally administered tribal areas
336,1,2012-12-01,sheen warsak,south waziristan,2012,1,abdul rahman yamani,"senior leader, al qaeda",3,4,3,0,0,0,0,0,0,3,4,3,obama,vehicle,al-qaeda,3. al-qaeda,32.241844,69.512215,federally administered tribal areas
337,1,2012-12-06,mubarak shahi,north waziristan,2012,0,none,none,1,2,1,0,0,0,1,1,1,2,3,2,obama,compound,al-qaeda,3. al-qaeda,32.954807,70.168304,federally administered tribal areas
338,1,2012-12-21,hisukhel,north waziristan,2012,0,none,none,3,4,3,0,0,0,0,0,0,3,4,3,obama,house,unclear,7. unclear,32.962585,70.243149,federally administered tribal areas
339,1,2012-12-28,gurbuz,north waziristan,2012,0,none,none,4,4,4,0,0,0,0,0,0,4,4,4,obama,compound,unclear,7. unclear,32.713066,69.616074,federally administered tribal areas
340,1,2013-01-02,angoor adda,south waziristan,2013,3,"maulvi nazir, atta ullah, rafey khan",maluvi nazir was the leader of a taliban faction while atta ullah and rafey khan were his deputies.,6,11,8,0,0,0,0,0,0,6,11,8,obama,house and vehicle,taliban,1. taliban,32.49007,69.320297,federally administered tribal areas
341,1,2013-01-03,between miran shah and mir ali,north waziristan,2013,1,faisal khan,"commander, pakistani taliban",4,6,5,0,0,0,0,0,0,4,6,5,obama,vehicle,taliban,1. taliban,32.98822,70.209503,federally administered tribal areas
342,1,2013-01-06,babar ghar,south waziristan,2013,1,wali muhammed aka toofan,"head of suicide wing, pakistani taliban",8,17,12,0,0,0,0,0,0,8,17,12,obama,compound,taliban,1. taliban,32.658455,70.179977,federally administered tribal areas
343,1,2013-01-08,mir ali,north waziristan,2013,0,none,none,5,5,5,0,0,0,0,0,0,5,5,5,obama,house,unclear,7. unclear,32.971191,70.277908,federally administered tribal areas
344,1,2013-01-08,essokhel,north waziristan,2013,0,none,none,3,3,3,0,0,0,0,0,0,3,3,3,obama,house,unclear,7. unclear,32.953693,70.262802,federally administered tribal areas
345,1,2013-01-10,heso khel,north waziristan,2013,0,none,none,4,5,4,0,0,0,0,0,0,4,5,4,obama,house,unclear,7. unclear,32.953331,70.262459,federally administered tribal areas
346,1,2013-02-06,spin wam,north waziristan,2013,0,none,none,0,0,0,0,0,0,3,5,4,3,5,4,obama,compound,unclear,7. unclear,33.168594,70.401077,federally administered tribal areas
347,1,2013-02-08,babar ghar,south waziristan,2013,0,none,none,7,9,8,0,0,0,0,0,0,7,9,8,obama,compound,al-qaeda,3. al-qaeda,32.65065,70.185471,federally administered tribal areas
348,1,2013-03-10,muhammad khel,north waziristan,2013,0,none,none,2,2,2,0,0,0,0,0,0,2,2,2,obama,vehicle,unclear,7. unclear,32.5725,69.5306,federally administered tribal areas
349,1,2013-03-22,datta khel,north waziristan,2013,0,none,none,4,4,4,0,0,0,0,0,0,4,4,4,obama,vehicle,unclear,7. unclear,32.5418,69.4455,federally administered tribal areas
350,1,2013-04-14,"manzar khel, datta khel",north waziristan,2013,0,none,none,4,4,4,0,0,0,0,0,0,4,4,4,obama,unclear,unclear,7. unclear,32.90429877,69.74872109,federally administered tribal areas
351,1,2013-04-17,sararogha,south waziristan,2013,0,none,none,5,5,5,0,0,0,0,0,0,5,5,5,obama,unclear,taliban,1. taliban,32.53805827,69.97741696,federally administered tribal areas
352,1,2013-05-29,miranshah,north waziristan,2013,2,waliur rehman and fakhir-i-alam,waliur rehman was the deputy commander of the pakistani taliban. fakhir-i-alam was a close aide of his.,4,7,5,0,0,0,0,0,0,4,7,5,obama,house,taliban,1. taliban,33.00034982,70.06736752,federally administered tribal areas
353,1,2013-06-07,mangroti,north waziristan,2013,0,none,none,7,7,7,0,0,0,0,0,0,7,7,7,obama,compound,unclear,7. unclear,32.62555094,69.49607846,federally administered tribal areas
354,1,2013-07-02,sarai darpa khel,north waziristan,2013,0,none,none,16,18,17,0,0,0,0,0,0,16,18,17,obama,compound,al-qaeda,3. al-qaeda,33.00538611,70.07612225,federally administered tribal areas
355,1,2013-07-13,"mosaki village, mir ali",north waziristan,2013,0,none,none,2,2,2,0,0,0,0,0,0,2,2,2,obama,vehicle,unclear,7. unclear,32.96453082,70.27301785,federally administered tribal areas
356,1,2013-07-28,"shinkai narai, shawal",north waziristan,2013,0,none,none,6,8,7,0,0,0,0,0,0,6,8,7,obama,compound,taliban,1. taliban,33.01575629,70.01943108,federally administered tribal areas
357,1,2013-08-31,mir ali,north waziristan,2013,0,none,none,4,4,4,0,0,0,0,0,0,4,4,4,obama,compound,unclear,7. unclear,32.96549398,70.26512143,federally administered tribal areas
358,1,2013-09-06,"dargah mandi, ghulam khan",north waziristan,2013,1,mullah sangeen zadran,"commander, haqqani network",6,6,6,0,0,0,0,0,0,6,6,6,obama,compound,haqqani network,4. haqqani network,33.24281527,70.22186276,federally administered tribal areas
359,1,2013-09-22,shawal,north waziristan,2013,0,none,none,6,7,6,0,0,0,0,0,0,6,7,6,obama,compound,unclear,7. unclear,33.01620273,69.97398373,federally administered tribal areas
360,1,2013-09-29,"dargamandi, miran shah",north waziristan,2013,0,none,none,3,6,4,0,0,0,0,0,0,3,6,4,obama,compound,unclear,7. unclear,33.02912948,70.02822873,federally administered tribal areas
361,1,2013-09-30,"mohammad khel, datta khel",north waziristan,2013,0,none,none,2,4,3,0,0,0,0,0,0,2,4,3,obama,compound,unclear,7. unclear,33.00120462,70.0399017,federally administered tribal areas
362,1,2013-10-31,miran shah,north waziristan,2013,0,none,none,3,3,3,0,0,0,0,0,0,3,3,3,obama,compound,unclear,7. unclear,32.99196335,70.04814145,federally administered tribal areas
363,1,2013-11-01,"dande darpa khel, miran shah",north waziristan,2013,3,"hakimullah mehsud, abdullah bahar mehsud, and tariq mehsud",hakimullah mehsud was the leader of the pakistani taliban. the other two were key advisers and commanders to him.,5,7,6,0,0,0,0,0,0,5,7,6,obama,compound,taliban,1. taliban,33.01711136,70.06818291,federally administered tribal areas
364,1,2013-11-29,miran shah,north waziristan,2013,0,none,none,1,3,2,0,0,0,0,0,0,1,3,2,obama,compound,taliban,1. taliban,32.99505888,70.06530758,federally administered tribal areas
365,1,2013-12-25,"qutab khel, miran shah",north waziristan,2013,0,none,none,3,4,3,0,0,0,0,0,0,3,4,3,obama,house,unclear,7. unclear,32.9869239,70.06959912,federally administered tribal areas
366,1,2014-06-11,dargah mandi,north waziristan,2014,0,none,none,3,6,4,0,0,0,0,0,0,3,6,4,obama,compound,islamic movement of uzbekistan,5. islamic movement of uzbekistan,32.97201981,70.07080075,federally administered tribal areas
367,1,2014-06-12,miramshah,north waziristan,2014,0,none,none,10,10,10,0,0,0,0,0,0,10,10,10,obama,compound,haqqani network,4. haqqani network,32.99736246,70.07629391,balochistan
368,1,2014-06-18,dandey darpakhel,north waziristan,2014,0,none,none,4,5,4,0,0,0,0,0,0,4,5,4,obama,compound,haqqani network,4. haqqani network,32.96049802,69.98016354,federally administered tribal areas
369,1,2014-07-10,datta khel,north waziristan,2014,3,"fayez awda al khalidi, taj al makki, abu abdurahman al kuwaiti","all three were mid-level al qaeda commanders, three other al qaeda operatives were killed but were not named.",6,6,6,0,0,0,0,0,0,6,6,6,obama,house and vehicle,al-qaeda,3. al-qaeda,33.0792263,69.91836544,federally administered tribal areas
370,1,2014-07-16,datta khel,north waziristan,2014,0,none,none,15,20,17,0,0,0,0,0,0,15,20,17,obama,compound,unclear,7. unclear,33.05949283,69.9176788,federally administered tribal areas
371,1,2014-07-19,datta khel,north waziristan,2014,0,none,none,11,15,13,0,0,0,0,0,0,11,15,13,obama,compound,unclear,7. unclear,33.02613758,69.94514462,federally administered tribal areas
372,1,2014-08-06,datta khel,north waziristan,2014,0,none,none,5,6,5,0,0,0,0,0,0,5,6,5,obama,house,unclear,7. unclear,33.04090313,69.98428341,federally administered tribal areas
373,1,2014-09-24,datta khel,north waziristan,2014,0,none,none,5,10,7,0,0,0,0,0,0,5,10,7,obama,compound,unclear,7. unclear,33.04090313,69.98291012,federally administered tribal areas
374,1,2014-09-28,wana,south waziristan,2014,0,none,none,4,4,4,0,0,0,0,0,0,4,4,4,obama,vehicle,unclear,7. unclear,32.31963357,69.57092282,federally administered tribal areas
375,1,2014-10-05,shawal,south waziristan,2014,0,none,none,5,5,5,0,0,0,0,0,0,5,5,5,obama,house,unclear,unclear,32.99795289,69.90394589,federally administered tribal areas
376,1,2014-10-06,shawal,north waziristan,2014,0,none,none,8,8,8,0,0,0,0,0,0,8,8,8,obama,compound,taliban,1. taliban,32.09064163,69.45831295,federally administered tribal areas
377,1,2014-10-07,datta khel,north waziristan,2014,0,none,none,6,7,6,0,0,0,0,0,0,6,7,6,obama,house,unclear,7. unclear,32.94195895,69.803009,federally administered tribal areas
378,1,2014-10-07,datta khel,north waziristan,2014,0,none,none,3,4,3,0,0,0,0,0,0,3,4,3,obama,compound,taliban,1. taliban,32.96385443,69.81948849,federally administered tribal areas
379,1,2014-10-09,datta khel,north waziristan,2014,0,none,none,3,4,3,0,0,0,0,0,0,3,4,3,obama,vehicle,unclear,7. unclear,32.92426655,69.74395749,federally administered tribal areas
380,1,2014-10-11,shawal tehsil,north waziristan,2014,1,muhammad mustafa,"commander, pakistani taliban",4,4,4,0,0,0,0,0,0,4,4,4,obama,vehicle,taliban,1. taliban,32.78669718,69.71923825,federally administered tribal areas
381,1,2014-10-11,tirah valley,khyber pakhtunkhwa,2014,1,sheikh imran ali siddiqi,"senior member, al qaeda in the indian sub-contintent",4,4,4,0,0,0,0,0,0,4,4,4,obama,compound,al-qaeda,3. al-qaeda,33.7805579,70.6656106,federally administered tribal areas
382,1,2014-10-30,wana,south waziristan,2014,1,abdullah haqqani,"commander, haqqani network",4,7,5,0,0,0,0,0,0,4,7,5,obama,house,haqqani network,4. haqqani network,32.26332983,69.45281979,federally administered tribal areas
383,1,2014-11-11,datta khel,north waziristan,2014,0,none,none,6,6,6,0,0,0,0,0,0,6,6,6,obama,compound,unclear,7. unclear,32.90611606,69.74464413,federally administered tribal areas
384,1,2014-11-20,mada khel,north waziristan,2014,0,none,none,6,6,6,0,0,0,0,0,0,6,6,6,obama,house,taliban,1. taliban,32.90676122,69.75133892,federally administered tribal areas
385,1,2014-12-06,datta khel,north waziristan,2014,1,umar farooq,"commander, al qaeda in the indian sub-continent",4,6,5,0,0,0,0,0,0,4,6,5,obama,compound,al-qaeda,3. al-qaeda,32.96840141,69.8483276,federally administered tribal areas
386,1,2014-12-20,datta khel,north waziristan,2014,0,none,none,5,5,5,0,0,0,0,0,0,5,5,5,obama,building,taliban,1. taliban,32.94656185,69.81536862,federally administered tribal areas
387,1,2014-12-26,shawal valley,north waziristan,2014,0,none,none,7,9,8,0,0,0,0,0,0,7,9,8,obama,compound,taliban,1. taliban,33.00005289,69.92935177,federally administered tribal areas
388,1,2015-01-04,datta khel,north waziristan,2015,0,none,none,5,8,6,0,0,0,0,0,0,5,8,6,obama,compound,taliban,1. taliban,33.00178048,69.94239804,federally administered tribal areas
389,1,2015-01-15,tehsil ladha,south waziristan,2015,1,ahmed farouq,"deputy chief, al qaeda in the indian sub-continent - also an american",4,4,4,0,0,0,2,2,2,6,6,6,obama,compound,al-qaeda,3. al-qaeda,31.88016221,69.30587765,federally administered tribal areas
390,1,2015-01-29,"shawal valley, north waziristan",north waziristan,2015,0,none,none,6,7,6,0,0,0,0,0,0,6,7,6,obama,compound,unclear,7. unclear,32.75205508,69.57916256,federally administered tribal areas
391,1,2015-04-12,"shawal valley, north waziristan",federally administered tribal areas,2015,0,none,none,4,4,4,0,0,0,0,0,0,4,4,4,obama,house,taliban,1. taliban,32.615148,69.51023,federally administered tribal areas
392,1,2015-05-16,shawal,north waziristan,2015,0,none,none,3,5,4,0,0,0,0,0,0,3,5,4,obama,compound,unclear,7. unclear,32.614715,69.499587,federally administered tribal areas
393,1,2015-05-18,shawal,north waziristan,2015,0,none,none,5,5,5,0,0,0,0,0,0,5,5,5,obama,compound,taliban,1. taliban,32.614715,69.499587,federally administered tribal areas
394,1,2015-06-01,shawal,north waziristan,2015,0,none,none,4,4,4,0,0,0,0,0,0,4,4,4,obama,vehicle,unclear,7. unclear,32.6169196,69.4999301,federally administered tribal areas
395,1,2015-06-06,shawal,north waziristan,2015,0,none,none,7,9,8,0,0,0,0,0,0,7,9,8,obama,house,taliban,1. taliban,32.6169196,69.4999301,federally administered tribal areas
396,1,2015-08-06,datta khel,north waziristan,2015,0,none,none,4,7,5,0,0,0,0,0,0,4,7,5,obama,house,haqqani network,4. haqqani network,32.905929,69.748292,federally administered tribal areas
397,1,2015-09-01,datta khel,north waziristan,2015,0,none,none,5,6,5,0,0,0,0,0,0,5,6,5,obama,compound,unclear,7. unclear,32.9056139,69.7482919,federally administered tribal areas
398,1,2016-01-09,mangrooti,north waziristan,2016,1,maulana noor saeed,"commander, pakistani taliban",5,5,5,0,0,0,0,0,0,5,5,5,obama,compound,taliban,1. taliban,32.704161,69.467315,federally administered tribal areas
399,1,2016-02-22,shahidano dhand,kurram agency,2016,0,none,none,1,4,2,0,0,0,0,0,0,1,4,2,obama,house and vehicle,haqqani network,4. haqqani network,33.6656971,70.6284736,federally administered tribal areas
400,1,2016-05-21,dahl bandin,balochistan,2016,1,mullah akhtar mansour,"emir, taliban",2,2,2,0,0,0,0,0,0,2,2,2,obama,vehicle,taliban,1. taliban,28.948282,64.2718753,balochistan
401,1,2017-03-02,"sara khwa, kurram agency",south waziristan,2017,1,qari abdullah subari,senior taliban commander,2,2,2,0,0,0,0,0,0,2,2,2,trump,vehicle,taliban,1. taliban,32.2936111,70.1028113,federally administered tribal areas
402,1,2017-04-26,lawara mandi,north waziristan,2017,3,"abdur rahman, akhtar mohammad, and abdul raheem","rahman and mohammad, ""two militant commanders,"" and raheem, a ""key al-qaeda commander""",7,8,7,0,0,0,0,3,1,7,11,9,trump,house,taliban,1. taliban,33.1440818,70.0212442,federally administered tribal areas
403,1,2017-06-12,hangu district,khyber pakhtunkhwa,2017,1,identified as abubakar haqqani,a commander of taliban-affiliated haqqani network,1,3,2,0,2,1,0,1,0,1,6,3,trump,compound,haqqani network,4. haqqani network,33.4271716,70.6062492,khyber pakhtunkhwa
404,1,2017-07-03,marghalan,south waziristan,2017,1,pir agha,isis commander,4,4,4,0,0,0,0,0,0,4,4,4,trump,vehicle,isis,6. isis,32.2399893,69.4364008,federally administered tribal areas
405,1,2017-09-15,ghuz ghari,kurram agency,2017,0,none,none,3,3,3,0,0,0,0,0,0,3,3,3,trump,house,haqqani network,4. haqqani network,33.7006204,70.171567,federally administered tribal areas
406,1,2017-10-16,maqbal,kurram agency,2017,1,sangeen wali,a top commander of the haqqani network,4,20,12,0,0,0,0,0,0,4,20,12,trump,house,haqqani network,4. haqqani network,33.6920485,70.0474217,federally administered tribal areas
407,1,2017-11-30,unclear,kurram agency,2017,0,none,none,3,4,3,0,0,0,0,0,0,3,4,3,trump,compound,haqqani network,4. haqqani network,33.6905281,69.7671562,federally administered tribal areas
408,1,2017-12-26,"mata sangar, near ghuzgarhi",kurram agency,2017,1,"jamil-ud-din (rfe/rl), jamiuddin (reuters), juma khan (tolo)",haqqani commander,2,3,2,0,0,0,0,0,0,2,3,2,trump,vehicle,haqqani network,4. haqqani network,33.795036,69.9818372,federally administered tribal areas
409,1,2018-01-17,badshah kot,kurram agency,2018,0,none,none,0,0,0,0,0,0,0,0,0,0,0,0,trump,house,unclear,7. unclear,33.4616987,70.3628775,federally administered tribal areas
410,1,2018-01-24,speen thal dapa mamuzai,kurram agency,2018,2,ahsan khorai and nasir mehmood,haqqani commanders,2,3,2,0,0,0,0,0,0,2,3,2,trump,house,haqqani network,4. haqqani network,33.6901807,70.0272319,federally administered tribal areas
411,1,2018-02-08,gorwak,north waziristan,2018,0,none,none,3,7,5,0,0,0,0,0,0,3,7,5,trump,compound,haqqani network,4. haqqani network,32.8453688,69.4870511,federally administered tribal areas
412,1,2018-02-08,gorwak,north waziristan,2018,1,khalid mehsud,"the deputy commander of tehreek-e-taliban pakistan (ttp), alternatively referred to as khan said and khan said mehsud, and also known by his alias, sajna.",1,3,2,0,0,0,0,0,0,1,3,2,trump,unclear,taliban,1. taliban,32.8453688,69.4870511,federally administered tribal areas
413,1,2018-07-04,tor tangai,north waziristan,2018,1,qari abdullah dawar,chief commander of hafiz gul bahadur group of the pakistani taliban,1,2,1,0,0,0,0,0,0,1,2,1,trump,unclear,taliban,1. taliban,33.15,70.4333,federally administered tribal areas
